,inner_aster_diameter_1_um,inner_aster_diameter_2_um,cell_diameter_um,meiotic,stage,organism,organism_CAT,inner_aster_diam_AVG
1,6.4356599999999995,7.535220000000002,163.05828,0,m,asterina_miniata,1,6.9854400000000005
3,8.359890000000002,9.168389999999999,194.04,0,m,asterina_miniata,1,8.764140000000001
5,5.9990700000000015,5.95056,149.05506,0,m,asterina_miniata,1,5.974815000000001
6,5.44929,5.41695,150.36483,0,m,asterina_miniata,1,5.433120000000001
9,8.052660000000001,10.78539,181.28187,0,m,asterina_miniata,1,9.419025000000001
10,6.5650200000000005,7.389690000000001,160.27704000000003,0,m,asterina_miniata,1,6.977355000000001
11,,,151.41588000000004,0,m,asterina_miniata,1,
12,9.96072,7.632240000000001,191.33961000000002,0,m,asterina_miniata,1,8.79648
13,6.27396,8.085,177.22320000000005,0,m,asterina_miniata,1,7.17948
15,16.584239999999998,,125.70558,0,m,asterina_miniata,1,16.584239999999998
17,28.54032,28.443900000000006,217.8,0,m,asterina_miniata,1,28.492110000000004
18,12.59888,13.048840000000002,212.7668,0,m,asterina_miniata,1,12.82386
22,16.937780000000004,16.26284,179.08408000000003,0,m,asterina_miniata,1,16.60031
23,22.0159,21.40524,229.9,0,m,asterina_miniata,1,21.710569999999997
24,10.9276,,220.9,0,m,asterina_miniata,1,10.9276
25,17.966260000000005,24.587100000000003,197.1,0,m,asterina_miniata,1,21.276680000000006
26,24.715660000000003,25.93698,207.8,0,m,asterina_miniata,1,25.326320000000003
27,18.44836,15.941440000000002,169.89203999999998,0,m,asterina_miniata,1,17.1949
28,18.834039999999998,17.259179999999997,193.0,0,m,asterina_miniata,1,18.046609999999998
29,22.85154,22.722980000000003,183.7,0,m,asterina_miniata,1,22.787260000000003
30,14.880820000000002,15.62004,201.5,0,m,asterina_miniata,1,15.250430000000001
31,20.794580000000003,21.01956,224.4,0,m,asterina_miniata,1,20.90707
32,20.11964,17.901980000000005,212.4,0,m,asterina_miniata,1,19.010810000000003
33,23.07652,22.0159,212.50968000000003,0,m,asterina_miniata,1,22.54621
34,15.65218,19.15544,220.9,0,m,asterina_miniata,1,17.40381
35,16.937780000000004,17.00206,200.9,0,m,asterina_miniata,1,16.969920000000002
36,14.3023,19.6054,172.4311,0,m,asterina_miniata,1,16.95385
37,16.68066,19.15544,201.26068000000004,0,m,asterina_miniata,1,17.91805
39,14.366580000000004,11.66682,219.9,0,m,asterina_miniata,1,13.016700000000002
42,23.71932,22.722980000000003,202.22488,0,m,asterina_miniata,1,23.22115
43,11.53826,11.21686,197.2,0,m,asterina_miniata,1,11.377559999999999
44,,,162.40341999999998,0,m,asterina_miniata,1,
45,6.07446,4.6603,144.85498,0,m,asterina_miniata,1,5.367380000000001
46,4.8210000000000015,,148.90462000000005,0,m,asterina_miniata,1,4.8210000000000015
47,5.5786500000000006,,180.69975,0,m,asterina_miniata,1,5.5786500000000006
49,4.6893,5.44929,148.19805000000005,0,m,asterina_miniata,1,5.069295
50,,,149.96058,0,m,asterina_miniata,1,
51,4.98036,4.26888,152.75798999999998,0,m,asterina_miniata,1,4.62462
53,5.287590000000002,4.18803,154.5852,0,m,asterina_miniata,1,4.737810000000001
56,5.287590000000002,4.18803,123.39327000000002,0,m,asterina_miniata,1,4.737810000000001
57,4.8833400000000005,5.41695,153.50181,0,m,asterina_miniata,1,5.150145
59,5.80503,5.756520000000001,115.84188,0,m,asterina_miniata,1,5.780775
60,5.610990000000001,6.93693,160.63278,0,m,asterina_miniata,1,6.273960000000001
61,5.41695,4.786320000000001,163.30083000000005,0,m,asterina_miniata,1,5.101635
62,5.287590000000002,6.241620000000001,157.1724,0,m,asterina_miniata,1,5.764605000000001
63,5.756520000000001,4.98036,99.08976,0,m,asterina_miniata,1,5.3684400000000005
66,9.3786,,145.43298,0,m,asterina_miniata,1,9.3786
67,7.033950000000001,6.2092800000000015,105.54159,0,m,asterina_miniata,1,6.621615000000001
68,7.01778,5.643330000000001,151.44822000000005,0,m,asterina_miniata,1,6.330555
69,7.2603300000000015,7.066290000000001,177.61128000000005,0,m,asterina_miniata,1,7.163310000000001
70,8.343720000000001,7.227990000000001,176.85128999999998,0,m,asterina_miniata,1,7.7858550000000015
71,5.88588,6.19311,154.52052,0,m,asterina_miniata,1,6.0394950000000005
72,6.4356599999999995,5.80503,149.02272000000005,0,m,asterina_miniata,1,6.120345
73,3.7191,4.18803,132.33528,0,m,asterina_miniata,1,3.953565
74,7.535220000000002,6.4356599999999995,149.18442000000005,0,m,asterina_miniata,1,6.9854400000000005
75,6.27396,7.01778,164.83698,0,m,asterina_miniata,1,6.64587
76,5.9990700000000015,6.5650200000000005,166.04973000000004,0,m,asterina_miniata,1,6.282045000000001
78,7.1956500000000005,5.5786500000000006,154.92477000000005,0,m,asterina_miniata,1,6.38715
79,8.133510000000001,5.95056,149.66952,0,m,asterina_miniata,1,7.042035
80,6.0799199999999995,6.241620000000001,174.23175,0,m,asterina_miniata,1,6.16077
81,7.325010000000001,5.918220000000002,150.42951000000002,0,m,asterina_miniata,1,6.621615000000001
82,7.793940000000001,8.02032,157.94856,0,m,asterina_miniata,1,7.90713
83,7.84245,,160.81065,0,m,asterina_miniata,1,7.84245
85,6.1446000000000005,4.8186599999999995,175.83258000000004,0,m,asterina_miniata,1,5.48163
86,9.99306,6.7752300000000005,187.39413,0,m,asterina_miniata,1,8.384145
88,4.6569600000000015,5.12589,146.85594,0,m,asterina_miniata,1,4.891425000000001
89,8.182020000000001,7.7616,181.16868,0,m,asterina_miniata,1,7.9718100000000005
90,6.581190000000001,7.033950000000001,164.19018,0,m,asterina_miniata,1,6.807570000000001
91,11.432190000000002,11.93346,150.02526,0,m,asterina_miniata,1,11.682825000000001
92,8.683290000000001,7.09863,105.41223,0,m,asterina_miniata,1,7.890960000000001
94,9.47562,8.02032,81.93339,0,m,asterina_miniata,1,8.747969999999999
95,18.530820000000002,19.96995,167.48886000000005,0,m,asterina_miniata,1,19.250385
96,10.154760000000001,10.76922,118.07334000000002,0,m,asterina_miniata,1,10.46199
97,11.70708,9.83136,114.19254,0,m,asterina_miniata,1,10.76922
99,17.4636,10.8339,128.85873,0,m,asterina_miniata,1,14.14875
102,8.182020000000001,,125.8026,0,m,asterina_miniata,1,8.182020000000001
103,10.78539,8.052660000000001,105.2667,0,m,asterina_miniata,1,9.419025000000001
104,11.70708,11.432190000000002,142.19898,0,m,asterina_miniata,1,11.569635000000002
105,9.79902,10.93092,80.91468,0,m,asterina_miniata,1,10.36497
106,11.319,10.623690000000002,143.20152000000004,0,m,asterina_miniata,1,10.971345000000001
107,9.78285,8.45691,161.24723999999998,0,m,asterina_miniata,1,9.11988
108,9.96072,9.410940000000002,114.9687,0,m,asterina_miniata,1,9.685830000000001
109,24.35202,17.948700000000006,189.69027,0,m,asterina_miniata,1,21.150360000000003
110,13.89003,17.23722,143.47641000000004,0,m,asterina_miniata,1,15.563625
111,9.50796,9.62115,143.1045,0,m,asterina_miniata,1,9.564555
112,18.70869,16.94616,124.0239,0,m,asterina_miniata,1,17.827424999999998
113,10.1871,10.413480000000002,141.08325000000005,0,m,asterina_miniata,1,10.30029
114,7.4058600000000006,6.904590000000002,105.89733000000001,0,m,asterina_miniata,1,7.1552250000000015
115,7.793940000000001,9.84753,84.82781999999999,0,m,asterina_miniata,1,8.820735
116,6.823740000000001,7.2603300000000015,107.6922,0,m,asterina_miniata,1,7.042035000000001
120,15.97596,13.987050000000002,108.09645,0,m,asterina_miniata,1,14.981505000000002
123,11.4807,8.844990000000003,103.58502,0,m,asterina_miniata,1,10.162845
124,10.65603,11.61006,111.75086999999999,0,m,asterina_miniata,1,11.133045
125,8.02032,6.3063,73.68669,0,m,asterina_miniata,1,7.16331
126,9.76668,13.03302,98.3136,0,m,asterina_miniata,1,11.39985
127,7.4058600000000006,6.6297000000000015,122.71413000000001,0,m,asterina_miniata,1,7.017780000000001
129,7.890960000000001,9.29775,72.66798,0,m,asterina_miniata,1,8.594355
131,12.483240000000002,,94.25493,0,m,asterina_miniata,1,12.483240000000002
132,9.78285,10.461990000000002,120.66054,0,m,asterina_miniata,1,10.122420000000002
133,22.9614,24.83712,168.97650000000004,0,m,asterina_miniata,1,23.899259999999998
134,18.88656,20.97249,165.27357,0,m,asterina_miniata,1,19.929524999999998
136,8.634780000000001,10.122420000000002,112.3815,0,m,asterina_miniata,1,9.378600000000002
137,8.2467,7.033950000000001,116.60186999999999,0,m,asterina_miniata,1,7.640325000000001
138,13.0977,6.7752300000000005,122.11584000000002,0,m,asterina_miniata,1,9.936465
142,7.890960000000001,8.359890000000002,121.66308,0,m,asterina_miniata,1,8.125425000000002
145,15.183630000000004,12.06282,81.38361,0,m,asterina_miniata,1,13.623225000000001
146,10.1871,6.904590000000002,78.68321999999999,0,m,asterina_miniata,1,8.545845
147,14.666190000000002,10.00923,112.7049,0,m,asterina_miniata,1,12.337710000000001
148,14.01939,14.31045,87.33417000000001,0,m,asterina_miniata,1,14.164919999999999
149,,,79.08747000000002,0,m,asterina_miniata,1,
151,11.39985,13.356420000000002,113.01213,0,m,asterina_miniata,1,12.378135
152,8.505419999999999,,80.81766,0,m,asterina_miniata,1,8.505419999999999
153,8.02032,,76.61346,0,m,asterina_miniata,1,8.02032
154,5.287590000000002,,61.80174,0,m,asterina_miniata,1,5.287590000000002
156,9.99306,6.1446000000000005,80.86617000000003,0,m,asterina_miniata,1,8.06883
157,8.71563,8.844990000000003,76.67814,0,m,asterina_miniata,1,8.780310000000002
158,10.65603,8.02032,79.21683,0,m,asterina_miniata,1,9.338175
160,9.006689999999999,,111.55683,0,m,asterina_miniata,1,9.006689999999999
161,8.764140000000001,7.599900000000001,68.04335999999999,0,m,asterina_miniata,1,8.182020000000001
162,10.00923,9.47562,83.19465000000002,0,m,asterina_miniata,1,9.742425
163,8.634780000000001,7.729260000000001,60.33027000000001,0,m,asterina_miniata,1,8.182020000000001
164,8.4084,7.1956500000000005,67.13784,0,m,asterina_miniata,1,7.802025
165,11.23815,8.27904,76.14453,0,m,asterina_miniata,1,9.758595
166,9.66966,6.581190000000001,78.21429,0,m,asterina_miniata,1,8.125425
167,10.28412,12.725790000000002,73.10457000000002,0,m,asterina_miniata,1,11.504955
170,10.88241,8.37606,81.83637,0,m,asterina_miniata,1,9.629235000000001
172,9.702,7.56756,83.79294000000002,0,m,asterina_miniata,1,8.63478
173,10.1871,10.65603,83.87379000000001,0,m,asterina_miniata,1,10.421565
174,9.33009,11.221980000000002,83.16230999999999,0,m,asterina_miniata,1,10.276035
175,,,58.26051,0,m,asterina_miniata,1,
176,8.182020000000001,8.39223,72.765,0,m,asterina_miniata,1,8.287125
177,11.286660000000001,11.432190000000002,95.09577000000002,0,m,asterina_miniata,1,11.359425000000002
179,10.73688,7.84245,82.98444,0,m,asterina_miniata,1,9.289665
182,9.66966,7.033950000000001,81.99807000000001,0,m,asterina_miniata,1,8.351805
184,11.108789999999999,18.821880000000004,93.1392,0,m,asterina_miniata,1,14.965335000000001
189,4.98036,4.8833400000000005,53.829930000000004,0,m,asterina_miniata,1,4.931850000000001
191,8.893500000000003,7.874790000000001,92.34687,0,m,asterina_miniata,1,8.384145000000002
192,9.79902,7.890960000000001,62.480880000000006,0,m,asterina_miniata,1,8.844990000000001
194,9.60498,7.535220000000002,51.54996000000001,0,m,asterina_miniata,1,8.5701
195,10.88241,9.79902,81.43212000000003,0,m,asterina_miniata,1,10.340715
198,7.389690000000001,7.4382,62.20599,0,m,asterina_miniata,1,7.413945
199,7.2603300000000015,7.033950000000001,64.55064,0,m,asterina_miniata,1,7.147140000000001
200,7.6969199999999995,7.325010000000001,48.18660000000001,0,m,asterina_miniata,1,7.510965000000001
201,9.50796,10.36497,64.11405,0,m,asterina_miniata,1,9.936465
202,9.45945,8.02032,45.17898,0,m,asterina_miniata,1,8.739885000000001
203,6.581190000000001,7.066290000000001,59.89368,0,m,asterina_miniata,1,6.823740000000001
204,7.56756,6.403320000000001,50.53125,0,m,asterina_miniata,1,6.9854400000000005
205,9.2169,9.47562,68.25357000000001,0,m,asterina_miniata,1,9.346260000000001
207,7.535220000000002,8.53776,64.98723000000001,0,m,asterina_miniata,1,8.03649
208,17.059350000000002,15.959790000000002,67.81698,0,m,asterina_miniata,1,16.509570000000004
209,14.666190000000002,13.404930000000002,77.21175000000002,0,m,asterina_miniata,1,14.035560000000002
210,12.596430000000002,13.372589999999999,56.95074,0,m,asterina_miniata,1,12.98451
213,10.5,10.1,217.0,0,m,asterina_miniata,1,10.3
217,,,194.0,0,m,asterina_miniata,1,
219,4.6,3.9,135.4,0,m,asterina_miniata,1,4.25
220,17.6,15.6,129.6,0,m,asterina_miniata,1,16.6
221,12.3,12.0,65.8,0,m,asterina_miniata,1,12.15
222,10.2,8.4,80.2,0,m,asterina_miniata,1,9.3
224,2.6033700000000004,2.5548599999999997,19.37166,0,m,caenorhabditis_elegans,2,2.579115
227,,,11.99814,0,m,caenorhabditis_elegans,2,
228,2.6033700000000004,2.86209,18.66018,0,m,caenorhabditis_elegans,2,2.73273
230,2.4255,1.98891,12.644940000000002,0,m,caenorhabditis_elegans,2,2.207205
231,2.24763,2.02125,15.3615,0,m,caenorhabditis_elegans,2,2.13444
232,1.2936,1.3744500000000002,11.91729,0,m,caenorhabditis_elegans,2,1.334025
233,1.7301900000000001,1.84338,10.300289999999999,0,m,caenorhabditis_elegans,2,1.786785
237,1.5199799999999999,1.3744500000000002,12.6126,0,m,caenorhabditis_elegans,2,1.447215
238,1.84338,1.5199799999999999,12.69345,0,m,caenorhabditis_elegans,2,1.68168
239,1.3744500000000002,1.79487,10.85007,0,m,caenorhabditis_elegans,2,1.58466
240,1.5846600000000002,3.1693200000000004,10.63063,0,m,caenorhabditis_elegans,2,2.37699
241,4.592280000000001,4.624619999999999,56.174580000000006,0,m,caenorhabditis_elegans,2,4.6084499999999995
243,4.931850000000002,4.6569600000000015,50.337210000000006,0,m,caenorhabditis_elegans,2,4.794405000000001
244,4.98036,4.18803,52.24527000000001,0,m,caenorhabditis_elegans,2,4.584195
246,2.70039,2.5548599999999997,23.980110000000003,0,m,caenorhabditis_elegans,2,2.627625
247,,,7.373520000000001,0,m,caenorhabditis_elegans,2,
248,2.65188,2.34465,18.87039,0,m,caenorhabditis_elegans,2,2.498265
250,1.89189,2.19912,17.576790000000006,0,m,caenorhabditis_elegans,2,2.0455050000000004
251,,,6.807570000000001,0,m,caenorhabditis_elegans,2,
252,,,4.2527099999999995,0,m,caenorhabditis_elegans,2,
253,0.7114800000000001,,10.96326,0,m,caenorhabditis_elegans,2,0.7114800000000001
254,,,5.48163,0,m,caenorhabditis_elegans,2,
255,,,6.338640000000002,0,m,caenorhabditis_elegans,2,
257,3.0076200000000006,,15.183630000000004,0,m,caenorhabditis_elegans,2,3.0076200000000006
258,2.03742,,13.89003,0,m,caenorhabditis_elegans,2,2.03742
259,2.3931600000000004,1.89189,12.38622,0,m,caenorhabditis_elegans,2,2.142525
260,2.1021,2.06976,19.0806,0,m,caenorhabditis_elegans,2,2.0859300000000003
261,2.1021,2.24763,14.18109,0,m,caenorhabditis_elegans,2,2.174865
262,2.34465,2.1021,10.72071,0,m,caenorhabditis_elegans,2,2.223375
263,2.03742,2.02125,13.857690000000002,0,m,caenorhabditis_elegans,2,2.029335
264,2.1021,1.84338,12.74196,0,m,caenorhabditis_elegans,2,1.97274
265,1.98891,1.6493400000000003,11.23815,0,m,caenorhabditis_elegans,2,1.819125
266,2.24763,2.34465,13.13004,0,m,caenorhabditis_elegans,2,2.2961400000000003
267,2.06976,1.71402,15.5232,0,m,caenorhabditis_elegans,2,1.89189
268,2.06976,2.3931600000000004,12.96834,0,m,caenorhabditis_elegans,2,2.23146
269,1.82721,1.6493400000000003,11.4807,0,m,caenorhabditis_elegans,2,1.7382750000000002
270,3.83229,3.0076200000000006,35.92974,0,m,caenorhabditis_elegans,2,3.4199550000000003
272,2.6319,2.1669,23.7429,0,m,caenorhabditis_elegans,2,2.3994
273,1.2648,1.4415,10.3509,0,m,caenorhabditis_elegans,2,1.3531499999999999
274,1.3206,1.2555,8.844299999999997,0,m,caenorhabditis_elegans,2,1.2880500000000001
275,1.395,1.5252,7.030799999999998,0,m,caenorhabditis_elegans,2,1.4601
276,0.5859,0.7068,5.4312,0,m,caenorhabditis_elegans,2,0.64635
277,0.7905,0.6231,6.7052999999999985,0,m,caenorhabditis_elegans,2,0.7068
278,0.6696,0.4092,6.4263,0,m,caenorhabditis_elegans,2,0.5394
279,1.5996,1.4136,9.6534,0,m,caenorhabditis_elegans,2,1.5066
280,1.2648,1.4694,8.5746,0,m,caenorhabditis_elegans,2,1.3671
281,1.9995,2.2041,18.2838,0,m,caenorhabditis_elegans,2,2.1018
283,2.1669,2.3622,16.6749,0,m,caenorhabditis_elegans,2,2.26455
286,1.7298000000000002,1.7019,12.3783,0,m,caenorhabditis_elegans,2,1.71585
287,1.8507,1.8786,14.256900000000002,0,m,caenorhabditis_elegans,2,1.8646500000000001
288,1.8042,1.7298000000000002,16.758599999999998,0,m,caenorhabditis_elegans,2,1.7670000000000001
289,2.325,2.2506,19.0464,0,m,caenorhabditis_elegans,2,2.2878
290,2.6133,2.6133,19.5393,0,m,caenorhabditis_elegans,2,2.6133
291,2.65188,3.2825100000000003,18.9189,0,m,caenorhabditis_elegans,2,2.9671950000000002
293,2.27997,1.89189,18.02955,0,m,caenorhabditis_elegans,2,2.0859300000000003
295,1.98891,2.24763,14.213430000000002,0,m,caenorhabditis_elegans,2,2.11827
296,3.47655,3.1693200000000004,23.834580000000006,0,m,caenorhabditis_elegans,2,3.322935
297,0.7114800000000001,,5.6595,0,m,caenorhabditis_elegans,2,0.7114800000000001
298,0.6791400000000001,0.6791400000000001,7.163310000000001,0,m,caenorhabditis_elegans,2,0.6791400000000001
299,2.2961400000000003,2.49018,18.1104,0,m,caenorhabditis_elegans,2,2.39316
300,0.0,0.0,6.904590000000002,0,m,caenorhabditis_elegans,2,0.0
301,0.9702,0.93786,10.219439999999999,0,m,caenorhabditis_elegans,2,0.9540299999999999
302,,,10.81773,0,m,caenorhabditis_elegans,2,
303,3.5250600000000003,3.05613,34.86252,0,m,caenorhabditis_elegans,2,3.290595
304,,,8.602440000000001,0,m,caenorhabditis_elegans,2,
306,1.9404,1.84338,12.17601,0,m,caenorhabditis_elegans,2,1.89189
308,2.81358,2.70039,18.69252,0,m,caenorhabditis_elegans,2,2.7569850000000002
309,,,7.292670000000001,0,m,caenorhabditis_elegans,2,
310,2.86209,2.70039,35.39613000000001,0,m,caenorhabditis_elegans,2,2.78124
311,,,5.675669999999999,0,m,caenorhabditis_elegans,2,
312,,,5.5139700000000005,0,m,caenorhabditis_elegans,2,
313,3.0076200000000006,2.9106,36.188460000000006,0,m,caenorhabditis_elegans,2,2.9591100000000004
314,2.1021,2.1021,14.779380000000002,0,m,caenorhabditis_elegans,2,2.1021
316,3.47655,2.70039,19.355490000000003,0,m,caenorhabditis_elegans,2,3.08847
318,1.3744500000000002,1.0833899999999999,11.69091,0,m,caenorhabditis_elegans,2,1.22892
319,1.3744500000000002,1.5846600000000002,11.351339999999999,0,m,caenorhabditis_elegans,2,1.4795550000000002
320,1.6816799999999998,1.71402,10.09008,0,m,caenorhabditis_elegans,2,1.6978499999999999
322,3.13698,3.0076200000000006,36.770579999999995,0,m,caenorhabditis_elegans,2,3.0723000000000003
323,1.89189,1.71402,13.9062,0,m,caenorhabditis_elegans,2,1.802955
324,1.85955,1.2936,10.623690000000002,0,m,caenorhabditis_elegans,2,1.576575
325,1.82721,1.82721,12.434730000000002,0,m,caenorhabditis_elegans,2,1.82721
326,3.2178299999999997,2.81358,23.462670000000003,0,m,caenorhabditis_elegans,2,3.0157049999999996
328,2.24763,1.89189,12.83898,0,m,caenorhabditis_elegans,2,2.06976
329,1.89189,1.84338,11.02794,0,m,caenorhabditis_elegans,2,1.867635
330,1.89189,1.71402,11.33517,0,m,caenorhabditis_elegans,2,1.802955
331,0.93786,,8.974350000000003,0,m,caenorhabditis_elegans,2,0.93786
332,1.5199799999999999,1.5846600000000002,8.06883,0,m,caenorhabditis_elegans,2,1.55232
334,1.2936,,10.85007,0,m,caenorhabditis_elegans,2,1.2936
335,,,5.78886,0,m,caenorhabditis_elegans,2,
347,16.8,14.8,93.8,0,m,cerebratulus_marginatus,3,15.8
348,15.8,15.2,96.7,0,m,cerebratulus_marginatus,3,15.5
349,13.0,12.9,100.1,0,m,cerebratulus_marginatus,3,12.95
350,14.5,14.6,97.1,0,m,cerebratulus_marginatus,3,14.55
351,13.0,13.0,93.2,0,m,cerebratulus_marginatus,3,13.0
352,11.8,12.0,102.0,0,m,cerebratulus_marginatus,3,11.9
353,14.2,14.1,97.5,0,m,cerebratulus_marginatus,3,14.149999999999999
361,11.4,13.2,74.0,0,m,cerebratulus_marginatus,3,12.3
362,11.9,12.2,75.5,0,m,cerebratulus_marginatus,3,12.05
363,13.5,15.2,74.7,0,m,cerebratulus_marginatus,3,14.35
364,13.5,13.6,73.9,0,m,cerebratulus_marginatus,3,13.55
365,6.4,6.7,57.0,0,m,cerebratulus_marginatus,3,6.550000000000001
367,6.0,8.6,47.5,0,m,cerebratulus_marginatus,3,7.3
368,6.4,5.8,62.9,0,m,cerebratulus_marginatus,3,6.1
369,5.2,4.9,57.4,0,m,cerebratulus_marginatus,3,5.050000000000001
370,5.4,5.9,54.3,0,m,cerebratulus_marginatus,3,5.65
371,5.7,5.9,55.1,0,m,cerebratulus_marginatus,3,5.800000000000001
372,5.1,4.9,38.9,0,m,cerebratulus_marginatus,3,5.0
375,4.4,4.3,37.8,0,m,cerebratulus_marginatus,3,4.35
376,4.8,5.3,38.4,0,m,cerebratulus_marginatus,3,5.05
379,8.0,6.0,39.1,0,m,cerebratulus_marginatus,3,7.0
382,2.4,3.6,19.8,0,m,cerebratulus_marginatus,3,3.0
384,4.1,3.2,26.6,0,m,cerebratulus_marginatus,3,3.65
385,7.4,8.9,48.5,0,m,cerebratulus_marginatus,3,8.15
386,6.5,5.5,35.2,0,m,cerebratulus_marginatus,3,6.0
387,5.4,5.8,38.0,0,m,cerebratulus_marginatus,3,5.6
388,4.7,4.4,26.3,0,m,cerebratulus_marginatus,3,4.550000000000001
389,4.1,3.9,29.0,0,m,cerebratulus_marginatus,3,4.0
390,3.3,3.0,27.7,0,m,cerebratulus_marginatus,3,3.15
391,3.7,4.3,36.1,0,m,cerebratulus_marginatus,3,4.0
392,3.0,2.5,25.4,0,m,cerebratulus_marginatus,3,2.75
393,3.8,4.4,35.2,0,m,cerebratulus_marginatus,3,4.1
394,4.7,4.6,36.2,0,m,cerebratulus_marginatus,3,4.65
395,11.83644,12.22452,114.41892,0,m,ciona_intestinalis,4,12.03048
396,11.108789999999999,14.27811,115.25976000000001,0,m,ciona_intestinalis,4,12.693449999999999
397,13.03302,10.33263,113.41638,0,m,ciona_intestinalis,4,11.682825000000001
398,12.75813,11.4807,121.29117,0,m,ciona_intestinalis,4,12.119415
399,16.60659,15.99213,141.6492,0,m,ciona_intestinalis,4,16.29936
400,13.72833,14.05173,154.18095,0,m,ciona_intestinalis,4,13.89003
401,14.35896,13.71216,86.91375000000002,0,m,ciona_intestinalis,4,14.03556
403,12.111330000000002,14.05173,109.56792000000002,0,m,ciona_intestinalis,4,13.08153
404,14.35896,12.434730000000002,95.61321,0,m,ciona_intestinalis,4,13.396845
405,13.06536,16.91382,106.20456000000001,0,m,ciona_intestinalis,4,14.98959
406,13.356420000000002,13.987050000000002,95.98512,0,m,ciona_intestinalis,4,13.671735000000002
407,13.388760000000001,10.78539,112.97979,0,m,ciona_intestinalis,4,12.087075
408,9.50796,11.73942,112.67256,0,m,ciona_intestinalis,4,10.62369
409,10.154760000000001,9.84753,97.23021,0,m,ciona_intestinalis,4,10.001145000000001
410,96.3732,11.72325,91.45752000000002,0,m,ciona_intestinalis,4,54.048225
411,16.962329999999998,18.530820000000002,115.56699000000002,0,m,ciona_intestinalis,4,17.746575
412,17.285729999999997,17.23722,118.55844000000002,0,m,ciona_intestinalis,4,17.261474999999997
413,,,115.56699000000002,0,m,ciona_intestinalis,4,
417,,,105.81648,0,m,ciona_intestinalis,4,
420,10.154760000000001,9.84753,113.14149000000002,0,m,ciona_intestinalis,4,10.001145000000001
421,16.105320000000003,,92.29836,0,m,ciona_intestinalis,4,16.105320000000003
422,9.99306,15.57171,90.21243,0,m,ciona_intestinalis,4,12.782385
425,4.6569600000000015,5.287590000000002,70.01610000000001,0,m,ciona_intestinalis,4,4.9722750000000016
426,4.624619999999999,3.2178299999999997,77.59983000000001,0,m,ciona_intestinalis,4,3.9212249999999997
427,2.5548599999999997,3.76761,87.68991,0,m,ciona_intestinalis,4,3.1612349999999996
428,3.3633599999999997,3.99399,83.50188,0,m,ciona_intestinalis,4,3.678675
429,7.9233,7.325010000000001,63.49959000000001,0,m,ciona_intestinalis,4,7.624155
430,9.29775,7.98798,68.28591,0,m,ciona_intestinalis,4,8.642865
431,5.48163,5.12589,65.56935,0,m,ciona_intestinalis,4,5.3037600000000005
432,5.610990000000001,5.12589,50.06232000000001,0,m,ciona_intestinalis,4,5.3684400000000005
434,11.286660000000001,9.006689999999999,57.856260000000006,0,m,ciona_intestinalis,4,10.146675
435,7.389690000000001,5.9990700000000015,66.39402000000001,0,m,ciona_intestinalis,4,6.694380000000001
436,6.4356599999999995,7.84245,69.95142000000001,0,m,ciona_intestinalis,4,7.139055
439,10.300289999999999,10.5105,94.40046,0,m,ciona_intestinalis,4,10.405394999999999
440,4.786320000000001,5.48163,52.39080000000001,0,m,ciona_intestinalis,4,5.133975
441,4.592280000000001,3.83229,43.83687000000001,0,m,ciona_intestinalis,4,4.2122850000000005
442,5.31993,5.31993,51.37209,0,m,ciona_intestinalis,4,5.31993
443,6.93693,6.27396,49.383179999999996,0,m,ciona_intestinalis,4,6.605445
448,5.80503,6.6297000000000015,54.169500000000006,0,m,ciona_intestinalis,4,6.217365000000001
449,4.6569600000000015,5.25525,45.1143,0,m,ciona_intestinalis,4,4.956105000000001
450,5.918220000000002,5.6595,45.63174,0,m,ciona_intestinalis,4,5.7888600000000014
455,5.756520000000001,5.643330000000001,54.13716000000001,0,m,ciona_intestinalis,4,5.699925
457,3.2178299999999997,3.3310200000000005,34.571459999999995,0,m,ciona_intestinalis,4,3.274425
458,4.18803,4.43058,43.0122,0,m,ciona_intestinalis,4,4.309305
459,4.8186599999999995,4.49526,40.27947,0,m,ciona_intestinalis,4,4.65696
460,5.31993,4.931850000000002,54.153330000000004,0,m,ciona_intestinalis,4,5.125890000000001
461,5.41695,4.6893,59.32773,0,m,ciona_intestinalis,4,5.053125
462,2.5063500000000003,3.4442100000000004,35.26677,0,m,ciona_intestinalis,4,2.9752800000000006
463,5.41695,5.12589,51.19422000000001,0,m,ciona_intestinalis,4,5.27142
464,3.63825,4.43058,40.39266000000001,0,m,ciona_intestinalis,4,4.034415
465,4.2042,3.0884700000000005,30.302580000000006,0,m,ciona_intestinalis,4,3.6463350000000005
466,6.241620000000001,6.4356599999999995,43.88538,0,m,ciona_intestinalis,4,6.33864
467,4.43058,4.6569600000000015,42.5271,0,m,ciona_intestinalis,4,4.54377
469,4.1071800000000005,3.47655,41.89647000000001,0,m,ciona_intestinalis,4,3.7918650000000005
470,3.7191,4.26888,35.202090000000005,0,m,ciona_intestinalis,4,3.99399
471,2.45784,2.1021,32.30766000000001,0,m,ciona_intestinalis,4,2.27997
472,4.15569,2.9106,36.20463,0,m,ciona_intestinalis,4,3.533145
474,7.09863,6.904590000000002,49.01127000000001,0,m,ciona_intestinalis,4,7.001610000000001
475,6.0799199999999995,6.37098,49.90062,0,m,ciona_intestinalis,4,6.22545
477,10.2,11.9,150.8,0,m,ciona_intestinalis,4,11.05
480,17.3,12.2,175.1,0,m,ciona_intestinalis,4,14.75
481,17.7,11.2,178.7,0,m,ciona_intestinalis,4,14.45
482,4.3,3.1,37.9,0,m,ciona_intestinalis,4,3.7
483,4.4,4.2,39.5,0,m,ciona_intestinalis,4,4.300000000000001
484,6.7,7.3,46.0,0,m,ciona_intestinalis,4,7.0
488,5.610990000000001,1.84338,56.96691000000001,0,m,helobdella_robusta,5,3.7271850000000004
489,8.052660000000001,5.287590000000002,103.56885,0,m,helobdella_robusta,5,6.670125000000001
491,2.19912,,30.092370000000006,0,m,helobdella_robusta,5,2.19912
492,2.1021,,22.26609,0,m,helobdella_robusta,5,2.1021
493,4.98036,,80.93085,0,m,helobdella_robusta,5,4.98036
494,12.111330000000002,12.67728,120.7899,0,m,helobdella_robusta,5,12.394305000000001
495,7.066290000000001,6.241620000000001,109.09899,0,m,helobdella_robusta,5,6.653955000000002
496,,,38.11269,0,m,helobdella_robusta,5,
497,2.2961400000000003,,26.987730000000006,0,m,helobdella_robusta,5,2.2961400000000003
499,4.705470000000001,5.0935500000000005,67.99485,0,m,helobdella_robusta,5,4.899510000000001
500,11.12496,8.667119999999999,116.08443,0,m,helobdella_robusta,5,9.89604
502,4.39824,3.76761,24.513720000000003,0,m,helobdella_robusta,5,4.082925
503,,,8.198189999999999,0,m,helobdella_robusta,5,
504,6.241620000000001,9.13605,147.43806,0,m,helobdella_robusta,5,7.688835
505,,,28.685579999999998,0,m,helobdella_robusta,5,
506,4.624619999999999,4.091010000000002,28.39452,0,m,helobdella_robusta,5,4.357815
507,3.05613,3.896970000000001,49.01127000000001,0,m,helobdella_robusta,5,3.4765500000000005
508,3.3957,3.2825100000000003,18.78954,0,m,helobdella_robusta,5,3.339105
509,,,52.11591000000001,0,m,helobdella_robusta,5,
510,4.72164,3.686760000000001,27.456660000000007,0,m,helobdella_robusta,5,4.2042
511,5.04504,3.83229,47.91171000000001,0,m,helobdella_robusta,5,4.438665
512,10.461990000000002,13.0977,225.5715,0,m,helobdella_robusta,5,11.779845000000002
513,,,10.75305,0,m,helobdella_robusta,5,
514,9.184560000000001,9.83136,152.66097000000005,0,m,helobdella_robusta,5,9.50796
515,5.643330000000001,5.5786500000000006,105.86499000000002,0,m,helobdella_robusta,5,5.610990000000001
517,5.25525,4.2527099999999995,34.83018000000001,0,m,helobdella_robusta,5,4.75398
518,,,12.434730000000002,0,m,helobdella_robusta,5,
520,5.6595,5.287590000000002,84.66611999999999,0,m,helobdella_robusta,5,5.473545000000001
521,2.78124,,31.3698,0,m,helobdella_robusta,5,2.78124
522,8.6,13.4,154.1,0,m,helobdella_robusta,5,11.0
523,13.9,12.8,116.0,0,m,helobdella_robusta,5,13.350000000000001
524,6.3,10.2,113.8,0,m,helobdella_robusta,5,8.25
525,11.0,13.6,145.6,0,m,helobdella_robusta,5,12.3
526,8.8,11.8,84.8,0,m,helobdella_robusta,5,10.3
527,18.9,19.5,181.5,0,m,helobdella_robusta,5,19.2
529,17.3,17.5,167.6,0,m,helobdella_robusta,5,17.4
530,9.4,9.7,62.5,0,m,helobdella_robusta,5,9.55
531,10.7,12.3,194.3,0,m,helobdella_robusta,5,11.5
532,13.1,15.5,134.8,0,m,helobdella_robusta,5,14.3
533,12.6,12.8,113.7,0,m,helobdella_robusta,5,12.7
534,4.8,5.5,68.8,0,m,helobdella_robusta,5,5.15
535,6.3,9.4,91.3,0,m,helobdella_robusta,5,7.85
537,5.5,5.5,38.7,0,m,helobdella_robusta,5,5.5
539,7.8,11.2,143.1,0,m,helobdella_robusta,5,9.5
540,7.4,9.7,128.1,0,m,helobdella_robusta,5,8.55
541,14.9,12.7,156.3,0,m,helobdella_robusta,5,13.8
542,15.5,15.5,112.1,0,m,helobdella_robusta,5,15.5
543,14.5,13.1,155.9,0,m,helobdella_robusta,5,13.8
544,11.76324,10.831180000000002,129.45991999999998,0,m,helobdella_robusta,5,11.29721
545,9.51344,10.89546,234.52558,0,m,helobdella_robusta,5,10.20445
546,4.1782,4.7567200000000005,26.708340000000003,0,m,helobdella_robusta,5,4.467460000000001
547,2.63548,1.4141600000000003,26.00126,0,m,helobdella_robusta,5,2.02482
548,9.06348,7.74574,99.7947,0,m,helobdella_robusta,5,8.40461
549,5.17454,8.25998,144.75856000000002,0,m,helobdella_robusta,5,6.7172600000000005
551,,,31.20794,0,m,helobdella_robusta,5,
552,4.37104,4.7567200000000005,32.847080000000005,0,m,helobdella_robusta,5,4.56388
553,5.078119999999999,6.524420000000001,27.12616,0,m,helobdella_robusta,5,5.801270000000001
555,5.52808,4.8210000000000015,84.04610000000002,0,m,helobdella_robusta,5,5.17454
556,7.2315,4.56388,123.54616000000001,0,m,helobdella_robusta,5,5.89769
557,3.27828,3.1497200000000003,36.51104,0,m,helobdella_robusta,5,3.2140000000000004
559,10.831180000000002,12.79172,168.15648000000004,0,m,helobdella_robusta,5,11.81145
560,10.831180000000002,,143.47296,0,m,helobdella_robusta,5,10.831180000000002
561,8.870640000000002,10.831180000000002,159.80008,0,m,helobdella_robusta,5,9.850910000000002
562,9.3206,9.899120000000002,197.75742,0,m,helobdella_robusta,5,9.609860000000001
563,5.078119999999999,,48.94922,0,m,helobdella_robusta,5,5.078119999999999
564,11.82752,21.983760000000004,160.50716,0,m,helobdella_robusta,5,16.905640000000002
565,9.57772,10.25266,132.54536000000002,0,m,helobdella_robusta,5,9.915189999999999
566,8.16356,5.20668,87.0994,0,m,helobdella_robusta,5,6.68512
567,7.74574,5.27096,64.31214,0,m,helobdella_robusta,5,6.50835
568,13.1774,8.25998,130.84194000000002,0,m,helobdella_robusta,5,10.71869
569,8.32426,8.25998,89.89558000000001,0,m,helobdella_robusta,5,8.29212
570,6.910100000000001,8.32426,153.56492,0,m,helobdella_robusta,5,7.617180000000001
571,12.47032,14.559420000000001,194.35058000000004,0,m,helobdella_robusta,5,13.51487
573,3.05613,2.61954,26.85837,0,m,Strongylocentrotus_purpuratus,6,2.837835
574,2.1021,,24.723930000000006,0,m,Strongylocentrotus_purpuratus,6,2.1021
577,2.1021,2.19912,38.08035,0,m,Strongylocentrotus_purpuratus,6,2.1506100000000004
579,2.03742,2.34465,29.332380000000004,0,m,Strongylocentrotus_purpuratus,6,2.1910350000000003
580,2.3931600000000004,2.19912,34.29657,0,m,Strongylocentrotus_purpuratus,6,2.2961400000000003
581,2.34465,2.34465,33.40722,0,m,Strongylocentrotus_purpuratus,6,2.34465
582,2.34465,2.24763,30.221730000000004,0,m,Strongylocentrotus_purpuratus,6,2.2961400000000003
583,2.3931600000000004,2.24763,28.879620000000003,0,m,Strongylocentrotus_purpuratus,6,2.3203950000000004
584,1.2936,1.98891,30.787679999999998,0,m,Strongylocentrotus_purpuratus,6,1.6412550000000001
585,2.45784,2.2961400000000003,26.43795,0,m,Strongylocentrotus_purpuratus,6,2.37699
592,2.3123099999999996,1.6816799999999998,24.52989,0,m,Strongylocentrotus_purpuratus,6,1.9969949999999996
593,3.05613,2.3931600000000004,31.95192,0,m,Strongylocentrotus_purpuratus,6,2.724645
594,2.5063500000000003,2.34465,32.5017,0,m,Strongylocentrotus_purpuratus,6,2.4255000000000004
595,2.3931600000000004,2.5063500000000003,29.073660000000004,0,m,Strongylocentrotus_purpuratus,6,2.4497550000000006
596,3.2178299999999997,3.0076200000000006,34.587630000000004,0,m,Strongylocentrotus_purpuratus,6,3.112725
602,3.13698,2.65188,34.9272,0,m,Strongylocentrotus_purpuratus,6,2.89443
603,2.3931600000000004,2.3931600000000004,30.060029999999998,0,m,Strongylocentrotus_purpuratus,6,2.3931600000000004
604,2.03742,2.45784,29.979180000000003,0,m,Strongylocentrotus_purpuratus,6,2.24763
605,2.6033700000000004,2.19912,38.30673,0,m,Strongylocentrotus_purpuratus,6,2.4012450000000003
606,2.19912,2.70039,31.903410000000004,0,m,Strongylocentrotus_purpuratus,6,2.449755
607,2.78124,2.34465,32.64723,0,m,Strongylocentrotus_purpuratus,6,2.562945
608,2.70039,2.5063500000000003,33.43956000000001,0,m,Strongylocentrotus_purpuratus,6,2.60337
609,2.9106,3.3310200000000005,35.202090000000005,0,m,Strongylocentrotus_purpuratus,6,3.1208100000000005
610,2.9106,3.2825100000000003,30.80385,0,m,Strongylocentrotus_purpuratus,6,3.0965550000000004
611,2.2961400000000003,2.65188,26.163060000000005,0,m,Strongylocentrotus_purpuratus,6,2.47401
612,3.2825100000000003,4.220370000000001,28.6209,0,m,Strongylocentrotus_purpuratus,6,3.7514400000000006
613,3.47655,2.86209,27.699210000000004,0,m,Strongylocentrotus_purpuratus,6,3.16932
614,2.78124,3.3310200000000005,26.59965,0,m,Strongylocentrotus_purpuratus,6,3.0561300000000005
615,4.6569600000000015,5.80503,74.55986999999999,0,m,Strongylocentrotus_purpuratus,6,5.230995000000001
616,5.70801,,70.14546,0,m,Strongylocentrotus_purpuratus,6,5.70801
617,8.02032,5.287590000000002,94.15791,0,m,Strongylocentrotus_purpuratus,6,6.653955000000001
619,2.9106,,53.231640000000006,0,m,Strongylocentrotus_purpuratus,6,2.9106
620,2.78124,3.05613,45.04962,0,m,Strongylocentrotus_purpuratus,6,2.918685
621,3.686760000000001,2.78124,46.31088,0,m,Strongylocentrotus_purpuratus,6,3.2340000000000004
622,3.686760000000001,3.05613,42.30072000000001,0,m,Strongylocentrotus_purpuratus,6,3.3714450000000005
623,3.99399,3.83229,70.25865,0,m,Strongylocentrotus_purpuratus,6,3.9131400000000003
624,2.70039,4.543769999999999,63.09534,0,m,Strongylocentrotus_purpuratus,6,3.6220799999999995
625,4.18803,4.1071800000000005,66.41019,0,m,Strongylocentrotus_purpuratus,6,4.147605
626,5.0935500000000005,4.301220000000002,65.0034,0,m,Strongylocentrotus_purpuratus,6,4.697385000000001
631,2.97528,3.2178299999999997,44.435159999999996,0,m,Strongylocentrotus_purpuratus,6,3.096555
632,4.55994,3.58974,39.68118000000001,0,m,Strongylocentrotus_purpuratus,6,4.07484
642,4.15569,4.6893,50.28870000000001,0,m,Strongylocentrotus_purpuratus,6,4.422495
643,3.91314,3.5250600000000003,51.54996000000001,0,m,Strongylocentrotus_purpuratus,6,3.7191
645,5.86971,3.5250600000000003,58.50306000000001,0,m,Strongylocentrotus_purpuratus,6,4.697385000000001
646,3.91314,4.851,56.33628,0,m,Strongylocentrotus_purpuratus,6,4.38207
647,5.0127000000000015,6.7105500000000005,48.461490000000005,0,m,Strongylocentrotus_purpuratus,6,5.861625000000001
648,5.0935500000000005,4.333559999999999,47.58831000000001,0,m,Strongylocentrotus_purpuratus,6,4.7135549999999995
649,5.44929,4.576110000000001,54.444390000000006,0,m,Strongylocentrotus_purpuratus,6,5.012700000000001
654,4.91568,4.49526,52.84356,0,m,Strongylocentrotus_purpuratus,6,4.70547
655,4.624619999999999,5.0935500000000005,48.17043,0,m,Strongylocentrotus_purpuratus,6,4.859085
656,6.53268,3.42804,49.6419,0,m,Strongylocentrotus_purpuratus,6,4.98036
657,5.22291,3.1693200000000004,59.00433,0,m,Strongylocentrotus_purpuratus,6,4.196115
658,3.5250600000000003,3.83229,56.04522000000001,0,m,Strongylocentrotus_purpuratus,6,3.678675
659,6.27396,5.643330000000001,55.57629,0,m,Strongylocentrotus_purpuratus,6,5.958645000000001
660,2.5548599999999997,3.83229,54.08865,0,m,Strongylocentrotus_purpuratus,6,3.193575
661,2.5548599999999997,2.45784,41.18499,0,m,Strongylocentrotus_purpuratus,6,2.50635
662,3.5250600000000003,3.47655,54.153330000000004,0,m,Strongylocentrotus_purpuratus,6,3.500805
663,3.0076200000000006,2.24763,45.72876000000001,0,m,Strongylocentrotus_purpuratus,6,2.627625
664,3.13698,3.2178299999999997,46.73130000000001,0,m,Strongylocentrotus_purpuratus,6,3.177405
665,3.3957,3.8808,59.812830000000005,0,m,Strongylocentrotus_purpuratus,6,3.63825
669,5.25525,4.851,64.30809,0,m,Strongylocentrotus_purpuratus,6,5.053125
670,4.18803,4.18803,58.79412000000001,0,m,Strongylocentrotus_purpuratus,6,4.18803
671,6.03141,5.86971,60.21708,0,m,Strongylocentrotus_purpuratus,6,5.95056
672,2.9591100000000004,2.86209,31.48299,0,m,Strongylocentrotus_purpuratus,6,2.9106
673,2.70039,3.0076200000000006,27.89325,0,m,Strongylocentrotus_purpuratus,6,2.8540050000000003
674,2.65188,2.2961400000000003,28.55622,0,m,Strongylocentrotus_purpuratus,6,2.47401
675,3.0076200000000006,3.2825100000000003,28.96047,0,m,Strongylocentrotus_purpuratus,6,3.1450650000000007
676,3.47655,3.13698,32.76042,0,m,Strongylocentrotus_purpuratus,6,3.306765
677,3.6059099999999997,2.81358,33.051480000000005,0,m,Strongylocentrotus_purpuratus,6,3.209745
678,2.19912,2.86209,28.15197,0,m,Strongylocentrotus_purpuratus,6,2.530605
679,3.0076200000000006,2.5063500000000003,21.409080000000003,0,m,Strongylocentrotus_purpuratus,6,2.7569850000000002
680,2.2961400000000003,2.65188,31.903410000000004,0,m,Strongylocentrotus_purpuratus,6,2.47401
681,2.5063500000000003,2.65188,30.981720000000006,0,m,Strongylocentrotus_purpuratus,6,2.579115
682,2.70039,2.86209,32.016600000000004,0,m,Strongylocentrotus_purpuratus,6,2.78124
683,2.70039,2.65188,29.720460000000006,0,m,Strongylocentrotus_purpuratus,6,2.676135
684,3.05613,3.99399,27.553680000000004,0,m,Strongylocentrotus_purpuratus,6,3.52506
698,2.19912,2.19912,30.25407,0,m,Strongylocentrotus_purpuratus,6,2.19912
699,1.84338,1.5846600000000002,24.060960000000005,0,m,Strongylocentrotus_purpuratus,6,1.71402
700,2.61954,2.19912,25.96902,0,m,Strongylocentrotus_purpuratus,6,2.40933
701,1.6493400000000003,2.27997,28.21665,0,m,Strongylocentrotus_purpuratus,6,1.964655
702,1.9404,1.89189,22.24992,0,m,Strongylocentrotus_purpuratus,6,1.916145
703,2.34465,2.6033700000000004,31.968090000000004,0,m,Strongylocentrotus_purpuratus,6,2.4740100000000003
704,1.89189,1.6493400000000003,29.52642,0,m,Strongylocentrotus_purpuratus,6,1.7706150000000003
705,1.84338,1.82721,25.64562,0,m,Strongylocentrotus_purpuratus,6,1.835295
706,2.03742,1.84338,21.44142,0,m,Strongylocentrotus_purpuratus,6,1.9404
707,2.1506100000000004,2.45784,23.05842,0,m,Strongylocentrotus_purpuratus,6,2.304225
708,2.03742,1.7301900000000001,27.133260000000003,0,m,Strongylocentrotus_purpuratus,6,1.8838050000000002
709,1.6816799999999998,1.6493400000000003,23.009910000000005,0,m,Strongylocentrotus_purpuratus,6,1.66551
711,3.4442100000000004,2.81358,27.634529999999998,0,m,Strongylocentrotus_purpuratus,6,3.128895
712,1.5199799999999999,1.7301900000000001,24.10947,0,m,Strongylocentrotus_purpuratus,6,1.625085
713,2.65188,2.70039,36.738240000000005,0,m,Strongylocentrotus_purpuratus,6,2.676135
714,4.2527099999999995,3.83229,33.77913,0,m,Strongylocentrotus_purpuratus,6,4.0424999999999995
717,2.1021,1.84338,20.29335,0,m,Strongylocentrotus_purpuratus,6,1.97274
718,1.98891,2.03742,16.46106,0,m,Strongylocentrotus_purpuratus,6,2.013165
719,2.19912,1.89189,17.366580000000006,0,m,Strongylocentrotus_purpuratus,6,2.0455050000000004
720,2.27997,2.03742,18.40146,0,m,Strongylocentrotus_purpuratus,6,2.158695
722,2.6033700000000004,2.19912,21.328229999999998,0,m,Strongylocentrotus_purpuratus,6,2.4012450000000003
723,2.24763,2.5063500000000003,21.45759,0,m,Strongylocentrotus_purpuratus,6,2.37699
724,3.0076200000000006,2.9106,26.22774,0,m,Strongylocentrotus_purpuratus,6,2.9591100000000004
725,3.6059099999999997,2.6033700000000004,31.580010000000005,0,m,Strongylocentrotus_purpuratus,6,3.10464
730,3.05613,2.97528,57.35499,0,m,Strongylocentrotus_purpuratus,6,3.015705
731,3.83229,3.96165,54.0078,0,m,Strongylocentrotus_purpuratus,6,3.89697
732,4.39824,3.5735700000000006,51.85719,0,m,Strongylocentrotus_purpuratus,6,3.9859050000000007
733,4.786320000000001,3.3310200000000005,52.24527000000001,0,m,Strongylocentrotus_purpuratus,6,4.058670000000001
734,4.75398,3.76761,47.34576000000001,0,m,Strongylocentrotus_purpuratus,6,4.260795
735,6.176940000000001,4.18803,52.617180000000005,0,m,Strongylocentrotus_purpuratus,6,5.182485000000001
736,5.8535400000000015,5.0935500000000005,48.51000000000001,0,m,Strongylocentrotus_purpuratus,6,5.473545000000001
737,3.96165,4.0425,64.22724000000001,0,m,Strongylocentrotus_purpuratus,6,4.0020750000000005
739,4.624619999999999,11.108789999999999,45.276,0,m,Strongylocentrotus_purpuratus,6,7.866705
740,5.0127000000000015,7.033950000000001,50.74146,0,m,Strongylocentrotus_purpuratus,6,6.023325000000002
741,5.0935500000000005,,52.76271000000001,0,m,Strongylocentrotus_purpuratus,6,5.0935500000000005
742,46.2462,3.91314,48.52617000000001,0,m,Strongylocentrotus_purpuratus,6,25.07967
743,5.691840000000001,4.220370000000001,44.56452000000001,0,m,Strongylocentrotus_purpuratus,6,4.956105000000001
745,4.301220000000002,4.15569,43.67517000000001,0,m,Strongylocentrotus_purpuratus,6,4.228455
751,4.624619999999999,4.786320000000001,34.814009999999996,0,m,Strongylocentrotus_purpuratus,6,4.70547
752,5.38461,5.41695,48.283620000000006,0,m,Strongylocentrotus_purpuratus,6,5.40078
753,4.18803,4.43058,42.31689,0,m,Strongylocentrotus_purpuratus,6,4.309305
758,3.6059099999999997,2.06976,43.044540000000005,0,m,Strongylocentrotus_purpuratus,6,2.837835
759,3.63825,4.15569,62.83662000000001,0,m,Strongylocentrotus_purpuratus,6,3.89697
760,4.43058,4.931850000000002,53.86227000000001,0,m,Strongylocentrotus_purpuratus,6,4.681215000000001
761,3.0076200000000006,3.42804,44.4675,0,m,Strongylocentrotus_purpuratus,6,3.21783
762,3.0076200000000006,3.42804,47.60448,0,m,Strongylocentrotus_purpuratus,6,3.21783
763,2.03742,2.78124,37.67610000000001,0,m,Strongylocentrotus_purpuratus,6,2.4093299999999997
768,6.0799199999999995,5.41695,69.70886999999999,0,m,Strongylocentrotus_purpuratus,6,5.748435
769,6.04758,6.904590000000002,69.88674,0,m,Strongylocentrotus_purpuratus,6,6.476085000000001
770,4.931850000000002,5.25525,43.62666,0,m,Strongylocentrotus_purpuratus,6,5.0935500000000005
771,7.2603300000000015,6.403320000000001,62.31918,0,m,Strongylocentrotus_purpuratus,6,6.831825000000001
772,3.3310200000000005,3.1693200000000004,42.31689,0,m,Strongylocentrotus_purpuratus,6,3.2501700000000007
773,4.786320000000001,3.05613,51.0972,0,m,Strongylocentrotus_purpuratus,6,3.9212250000000006
774,4.851,4.49526,50.91933,0,m,Strongylocentrotus_purpuratus,6,4.6731300000000005
775,2.97528,3.3310200000000005,39.35778000000001,0,m,Strongylocentrotus_purpuratus,6,3.15315
778,5.12589,5.287590000000002,79.92831000000002,0,m,Strongylocentrotus_purpuratus,6,5.206740000000001
779,5.41695,5.74035,71.92416,0,m,Strongylocentrotus_purpuratus,6,5.57865
780,4.34973,4.851,72.18288000000001,0,m,Strongylocentrotus_purpuratus,6,4.600365
781,4.543769999999999,5.643330000000001,74.26881,0,m,Strongylocentrotus_purpuratus,6,5.0935500000000005
782,3.99399,4.0425,48.65553,0,m,Strongylocentrotus_purpuratus,6,4.018245
784,4.26888,4.333559999999999,45.89046,0,m,Strongylocentrotus_purpuratus,6,4.30122
785,3.26634,4.18803,43.44879,0,m,Strongylocentrotus_purpuratus,6,3.7271850000000004
786,5.88588,4.1071800000000005,72.15054,0,m,Strongylocentrotus_purpuratus,6,4.99653
787,4.511430000000001,6.4356599999999995,62.31918,0,m,Strongylocentrotus_purpuratus,6,5.473545
788,5.41695,4.786320000000001,66.55572000000001,0,m,Strongylocentrotus_purpuratus,6,5.101635
789,4.26888,3.96165,62.901300000000006,0,m,Strongylocentrotus_purpuratus,6,4.115265
791,3.79995,3.79995,32.61489,0,m,Strongylocentrotus_purpuratus,6,3.79995
792,3.42804,2.6033700000000004,28.55622,0,m,Strongylocentrotus_purpuratus,6,3.0157050000000005
794,2.5063500000000003,2.4255,30.25407,0,m,Strongylocentrotus_purpuratus,6,2.4659250000000004
795,2.65188,5.077380000000001,27.31113,0,m,Strongylocentrotus_purpuratus,6,3.86463
796,2.5063500000000003,2.03742,21.84567,0,m,Strongylocentrotus_purpuratus,6,2.271885
797,2.34465,1.71402,32.27532,0,m,Strongylocentrotus_purpuratus,6,2.029335
798,2.24763,1.3744500000000002,35.39613000000001,0,m,Strongylocentrotus_purpuratus,6,1.8110400000000002
799,3.05613,3.05613,30.65832,0,m,Strongylocentrotus_purpuratus,6,3.05613
800,1.89189,2.86209,29.4294,0,m,Strongylocentrotus_purpuratus,6,2.37699
802,3.1693200000000004,3.96165,37.43355,0,m,Strongylocentrotus_purpuratus,6,3.5654850000000002
803,4.091010000000002,2.70039,34.248059999999995,0,m,Strongylocentrotus_purpuratus,6,3.3957000000000006
804,1.71402,2.2961400000000003,30.64215,0,m,Strongylocentrotus_purpuratus,6,2.0050800000000004
805,0.0,0.0,15.943620000000001,0,m,Strongylocentrotus_purpuratus,6,0.0
807,2.03742,1.9404,18.175079999999998,0,m,Strongylocentrotus_purpuratus,6,1.98891
808,0.0,0.0,17.204880000000006,0,m,Strongylocentrotus_purpuratus,6,0.0
810,2.19912,2.5548599999999997,30.787679999999998,0,m,Strongylocentrotus_purpuratus,6,2.37699
811,3.58974,3.2825100000000003,33.132329999999996,0,m,Strongylocentrotus_purpuratus,6,3.436125
812,2.45784,1.9404,29.68812,0,m,Strongylocentrotus_purpuratus,6,2.1991199999999997
813,1.71402,1.89189,22.540979999999998,0,m,Strongylocentrotus_purpuratus,6,1.802955
814,0.85701,1.22892,18.74103,0,m,Strongylocentrotus_purpuratus,6,1.0429650000000001
815,1.4391300000000002,1.48764,15.60405,0,m,Strongylocentrotus_purpuratus,6,1.4633850000000002
817,2.1506100000000004,3.76761,29.7528,0,m,Strongylocentrotus_purpuratus,6,2.95911
818,1.1642400000000002,1.6493400000000003,24.077130000000004,0,m,Strongylocentrotus_purpuratus,6,1.4067900000000002
819,2.24763,1.7301900000000001,24.465210000000006,0,m,Strongylocentrotus_purpuratus,6,1.9889100000000002
822,1.7301900000000001,2.5063500000000003,27.84474,0,m,Strongylocentrotus_purpuratus,6,2.1182700000000003
825,0.0,0.0,14.617680000000002,0,m,Strongylocentrotus_purpuratus,6,0.0
826,1.7301900000000001,1.22892,19.93761,0,m,Strongylocentrotus_purpuratus,6,1.479555
828,1.89189,1.89189,23.78607,0,m,Strongylocentrotus_purpuratus,6,1.89189
829,1.22892,1.2936,22.08822,0,m,Strongylocentrotus_purpuratus,6,1.26126
830,1.1642400000000002,1.3744500000000002,19.549529999999997,0,m,Strongylocentrotus_purpuratus,6,1.2693450000000002
831,2.19912,1.71402,23.915430000000004,0,m,Strongylocentrotus_purpuratus,6,1.9565700000000001
833,2.4255,2.03742,27.10092,0,m,Strongylocentrotus_purpuratus,6,2.23146
835,3.8808,3.3633599999999997,87.36650999999999,0,m,Strongylocentrotus_purpuratus,6,3.6220799999999995
836,3.91314,5.56248,97.45659000000002,0,m,Strongylocentrotus_purpuratus,6,4.73781
837,7.227990000000001,7.325010000000001,110.9262,0,m,Strongylocentrotus_purpuratus,6,7.2765
839,7.519050000000001,5.31993,100.0923,0,m,Strongylocentrotus_purpuratus,6,6.419490000000001
840,6.53268,5.86971,100.70676,0,m,Strongylocentrotus_purpuratus,6,6.201195
841,7.599900000000001,7.325010000000001,96.16299,0,m,Strongylocentrotus_purpuratus,6,7.462455
842,3.3633599999999997,6.2092800000000015,82.70955000000002,0,m,Strongylocentrotus_purpuratus,6,4.786320000000001
843,5.3684400000000005,6.53268,87.04311,0,m,Strongylocentrotus_purpuratus,6,5.95056
844,5.80503,6.678210000000001,83.42103,0,m,Strongylocentrotus_purpuratus,6,6.241620000000001
846,7.01778,7.48671,85.3776,0,m,Strongylocentrotus_purpuratus,6,7.252245
849,8.29521,6.176940000000001,87.44736,0,m,Strongylocentrotus_purpuratus,6,7.236075000000001
852,5.287590000000002,7.35735,96.79361999999999,0,m,Strongylocentrotus_purpuratus,6,6.322470000000001
853,7.2765,6.0799199999999995,93.73749,0,m,Strongylocentrotus_purpuratus,6,6.67821
855,7.535220000000002,8.214360000000001,88.2882,0,m,Strongylocentrotus_purpuratus,6,7.874790000000001
856,7.35735,7.890960000000001,86.20227000000001,0,m,Strongylocentrotus_purpuratus,6,7.624155
858,5.12589,7.6807500000000015,90.14775,0,m,Strongylocentrotus_purpuratus,6,6.403320000000001
859,5.918220000000002,6.85608,88.78947000000002,0,m,Strongylocentrotus_purpuratus,6,6.387150000000001
860,6.85608,8.31138,96.47022,0,m,Strongylocentrotus_purpuratus,6,7.58373
861,6.241620000000001,7.17948,98.53998,0,m,Strongylocentrotus_purpuratus,6,6.7105500000000005
862,,,14.375130000000002,0,m,Strongylocentrotus_purpuratus,6,
863,2.5063500000000003,2.4255,19.74357,0,m,Strongylocentrotus_purpuratus,6,2.4659250000000004
864,1.7301900000000001,1.3744500000000002,28.37835,0,m,Strongylocentrotus_purpuratus,6,1.5523200000000001
865,1.71402,1.4391300000000002,24.222660000000005,0,m,Strongylocentrotus_purpuratus,6,1.576575
869,1.0833899999999999,1.3744500000000002,20.74611,0,m,Strongylocentrotus_purpuratus,6,1.22892
870,1.6816799999999998,1.1642400000000002,20.26101,0,m,Strongylocentrotus_purpuratus,6,1.42296
873,1.89189,1.7301900000000001,27.957929999999998,0,m,Strongylocentrotus_purpuratus,6,1.8110400000000002
874,1.22892,1.48764,21.6678,0,m,Strongylocentrotus_purpuratus,6,1.3582800000000002
875,1.22892,1.2936,19.274639999999998,0,m,Strongylocentrotus_purpuratus,6,1.26126
876,1.4391300000000002,1.7301900000000001,17.1402,0,m,Strongylocentrotus_purpuratus,6,1.5846600000000002
877,1.22892,1.5846600000000002,21.26355,0,m,Strongylocentrotus_purpuratus,6,1.40679
878,1.5199799999999999,0.93786,19.5657,0,m,Strongylocentrotus_purpuratus,6,1.22892
879,1.82721,1.48764,20.95632,0,m,Strongylocentrotus_purpuratus,6,1.657425
880,8.4351,7.9236,87.5316,0,m,Strongylocentrotus_purpuratus,6,8.17935
881,4.1571,5.9892,71.9913,0,m,Strongylocentrotus_purpuratus,6,5.07315
882,6.7517999999999985,7.495799999999999,81.8865,0,m,Strongylocentrotus_purpuratus,6,7.123799999999999
883,5.6544,5.6265,78.0735,0,m,Strongylocentrotus_purpuratus,6,5.6404499999999995
884,2.4087,2.4738,24.6729,0,m,Strongylocentrotus_purpuratus,6,2.44125
885,2.8086,2.2506,29.8902,0,m,Strongylocentrotus_purpuratus,6,2.5296000000000003
886,3.0876,2.9481,35.1075,0,m,Strongylocentrotus_purpuratus,6,3.01785
887,2.2785,1.8507,24.5427,0,m,Strongylocentrotus_purpuratus,6,2.0646
890,1.9344,1.8228,27.8721,0,m,Strongylocentrotus_purpuratus,6,1.8786
891,2.6226,2.1855,30.4854,0,m,Strongylocentrotus_purpuratus,6,2.40405
892,2.2785,2.4459,25.2681,0,m,Strongylocentrotus_purpuratus,6,2.3622
893,2.1855,2.2319999999999998,27.9093,0,m,Strongylocentrotus_purpuratus,6,2.20875
894,2.1204,2.2785,29.3601,0,m,Strongylocentrotus_purpuratus,6,2.19945
895,2.2041,2.5854,33.7869,0,m,Strongylocentrotus_purpuratus,6,2.39475
898,1.953,1.9809,27.5466,0,m,Strongylocentrotus_purpuratus,6,1.9669500000000002
904,1.4694,1.1439,23.156999999999996,0,m,Strongylocentrotus_purpuratus,6,1.3066499999999999
905,1.7298000000000002,2.6133,30.7179,0,m,Strongylocentrotus_purpuratus,6,2.1715500000000003
906,2.2041,2.2971,30.8946,0,m,Strongylocentrotus_purpuratus,6,2.2506
908,2.0274,1.7111999999999998,29.2485,0,m,Strongylocentrotus_purpuratus,6,1.8693
909,2.6133,1.9995,27.5373,0,m,Strongylocentrotus_purpuratus,6,2.3064
910,2.9202,2.5017,28.1604,0,m,Strongylocentrotus_purpuratus,6,2.71095
918,1.9716,1.8879,23.3616,0,m,Strongylocentrotus_purpuratus,6,1.9297499999999999
919,2.2785,1.9995,29.853,0,m,Strongylocentrotus_purpuratus,6,2.1390000000000002
920,1.4973,1.7576999999999998,25.5285,0,m,Strongylocentrotus_purpuratus,6,1.6275
921,1.9716,2.1204,26.5422,0,m,Strongylocentrotus_purpuratus,6,2.0460000000000003
922,1.9158,2.1669,23.1477,0,m,Strongylocentrotus_purpuratus,6,2.04135
923,1.5996,2.4738,30.5784,0,m,Strongylocentrotus_purpuratus,6,2.0367
926,14.4,12.3,80.9,0,m,Strongylocentrotus_purpuratus,6,13.350000000000001
927,10.7,13.1,81.9,0,m,Strongylocentrotus_purpuratus,6,11.899999999999999
928,12.0,12.3,81.4,0,m,Strongylocentrotus_purpuratus,6,12.15
929,8.8,8.1,60.9,0,m,Strongylocentrotus_purpuratus,6,8.45
931,7.3,7.6,59.5,0,m,Strongylocentrotus_purpuratus,6,7.449999999999999
932,7.6,7.4,62.3,0,m,Strongylocentrotus_purpuratus,6,7.5
933,9.0,8.4,61.0,0,m,Strongylocentrotus_purpuratus,6,8.7
936,9.4,9.7,66.5,0,m,Strongylocentrotus_purpuratus,6,9.55
937,9.4,10.2,66.9,0,m,Strongylocentrotus_purpuratus,6,9.8
939,9.5,9.5,68.8,0,m,Strongylocentrotus_purpuratus,6,9.5
940,10.2,8.8,67.8,0,m,Strongylocentrotus_purpuratus,6,9.5
943,9.8,9.9,59.1,0,m,Strongylocentrotus_purpuratus,6,9.850000000000001
945,10.7,10.7,72.5,0,m,Strongylocentrotus_purpuratus,6,10.7
947,9.0,9.3,60.6,0,m,Strongylocentrotus_purpuratus,6,9.15
948,8.5,6.8,65.9,0,m,Strongylocentrotus_purpuratus,6,7.65
953,7.8,6.9,58.0,0,m,Strongylocentrotus_purpuratus,6,7.35
957,7.3,6.9,42.1,0,m,Strongylocentrotus_purpuratus,6,7.1
958,6.3,6.2,42.6,0,m,Strongylocentrotus_purpuratus,6,6.25
959,5.9,6.2,39.4,0,m,Strongylocentrotus_purpuratus,6,6.050000000000001
960,8.0,7.7,44.7,0,m,Strongylocentrotus_purpuratus,6,7.85
961,4.8,5.6,44.0,0,m,Strongylocentrotus_purpuratus,6,5.199999999999999
962,4.6,4.4,30.6,0,m,Strongylocentrotus_purpuratus,6,4.5
963,3.7,2.7,44.0,0,m,Strongylocentrotus_purpuratus,6,3.2
964,7.6,8.9,52.9,0,m,Strongylocentrotus_purpuratus,6,8.25
965,7.2,7.3,51.8,0,m,Strongylocentrotus_purpuratus,6,7.25
966,7.4,8.2,55.1,0,m,Strongylocentrotus_purpuratus,6,7.8
967,5.3,5.1,37.8,0,m,Strongylocentrotus_purpuratus,6,5.199999999999999
968,5.0,5.6,45.0,0,m,Strongylocentrotus_purpuratus,6,5.3
969,4.6,4.8,39.8,0,m,Strongylocentrotus_purpuratus,6,4.699999999999999
970,5.3,5.7,40.7,0,m,Strongylocentrotus_purpuratus,6,5.5
971,3.9,3.3,29.9,0,m,Strongylocentrotus_purpuratus,6,3.5999999999999996
976,3.9,4.4,35.5,0,m,Strongylocentrotus_purpuratus,6,4.15
980,5.5786500000000006,7.6807500000000015,194.44425,0,m,urechis_caupo,7,6.6297000000000015
981,6.581190000000001,6.11226,160.06683,0,m,urechis_caupo,7,6.346725000000001
982,7.858620000000001,7.56756,145.12575,0,m,urechis_caupo,7,7.713090000000001
983,6.581190000000001,5.0935500000000005,153.76053000000005,0,m,urechis_caupo,7,5.837370000000001
984,9.03903,10.78539,167.13312,0,m,urechis_caupo,7,9.91221
985,8.61861,,158.01324000000002,0,m,urechis_caupo,7,8.61861
986,6.7105500000000005,5.88588,165.33825000000004,0,m,urechis_caupo,7,6.298215000000001
987,6.5650200000000005,6.1446000000000005,165.32208,0,m,urechis_caupo,7,6.3548100000000005
988,7.4058600000000006,9.03903,185.01713999999998,0,m,urechis_caupo,7,8.222445
989,5.643330000000001,6.93693,126.49791,0,m,urechis_caupo,7,6.29013
990,6.93693,5.95056,187.70136000000002,0,m,urechis_caupo,7,6.443745
991,7.4382,6.2092800000000015,174.45813000000004,0,m,urechis_caupo,7,6.823740000000001
992,5.206740000000001,5.31993,153.22692,0,m,urechis_caupo,7,5.2633350000000005
993,5.918220000000002,7.2603300000000015,153.12990000000005,0,m,urechis_caupo,7,6.5892750000000015
994,7.066290000000001,8.052660000000001,165.69398999999999,0,m,urechis_caupo,7,7.559475000000001
995,,,143.62194000000005,0,m,urechis_caupo,7,
997,7.01778,7.033950000000001,171.74157,0,m,urechis_caupo,7,7.0258650000000005
1002,9.03903,7.2603300000000015,66.08679000000001,0,m,urechis_caupo,7,8.14968
1003,6.904590000000002,9.103710000000001,71.53608,0,m,urechis_caupo,7,8.004150000000001
1004,,,69.28845,0,m,urechis_caupo,7,
1005,7.6969199999999995,6.241620000000001,68.98122000000001,0,m,urechis_caupo,7,6.96927
1010,5.86971,7.066290000000001,77.06622000000002,0,m,urechis_caupo,7,6.468000000000001
1011,4.8186599999999995,6.241620000000001,65.45616000000001,0,m,urechis_caupo,7,5.53014
1013,,,77.26026,0,m,urechis_caupo,7,
1014,,,76.82366999999999,0,m,urechis_caupo,7,
1017,,,87.14013,0,m,urechis_caupo,7,
1018,,,89.54946,0,m,urechis_caupo,7,
1021,7.389690000000001,7.858620000000001,69.06206999999999,0,m,urechis_caupo,7,7.624155000000001
1025,,,60.750690000000006,0,m,urechis_caupo,7,
1026,,,60.02304,0,m,urechis_caupo,7,
1028,,,60.6375,0,m,urechis_caupo,7,
1029,,,70.8246,0,m,urechis_caupo,7,
1030,,,57.484350000000006,0,m,urechis_caupo,7,
1031,,,49.09212000000001,0,m,urechis_caupo,7,
1032,,,58.71327000000001,0,m,urechis_caupo,7,
1037,7.56756,7.033950000000001,61.85025,0,m,urechis_caupo,7,7.3007550000000005
1038,5.80503,5.70801,66.31317000000001,0,m,urechis_caupo,7,5.75652
1039,,,68.51229000000001,0,m,urechis_caupo,7,
1042,,,73.28244000000002,0,m,urechis_caupo,7,
1043,,,73.76754,0,m,urechis_caupo,7,
1044,,,68.10804,0,m,urechis_caupo,7,
1045,,,59.82899999999999,0,m,urechis_caupo,7,
1050,10.461990000000002,10.10625,68.44761000000001,0,m,urechis_caupo,7,10.284120000000001
1051,8.47308,6.04758,64.8417,0,m,urechis_caupo,7,7.26033
1052,9.94455,9.73434,72.02118,0,m,urechis_caupo,7,9.839445
1053,8.505419999999999,,58.08264000000001,0,m,urechis_caupo,7,8.505419999999999
1057,8.23053,7.858620000000001,83.16230999999999,0,m,urechis_caupo,7,8.044575
1058,7.890960000000001,5.497800000000002,88.74096,0,m,urechis_caupo,7,6.694380000000001
1063,7.84245,7.2765,65.18127000000001,0,m,urechis_caupo,7,7.559475000000001
1064,10.44582,8.844990000000003,68.36676,0,m,urechis_caupo,7,9.645405
1065,7.4058600000000006,7.535220000000002,67.02465000000001,0,m,urechis_caupo,7,7.4705400000000015
1066,9.99306,13.7445,68.38293,0,m,urechis_caupo,7,11.868780000000001
1067,,,76.14453,0,m,urechis_caupo,7,
1068,6.93693,7.64841,73.00755000000002,0,m,urechis_caupo,7,7.29267
1069,8.683290000000001,8.052660000000001,73.76754,0,m,urechis_caupo,7,8.367975000000001
1070,8.683290000000001,8.052660000000001,70.69524,0,m,urechis_caupo,7,8.367975000000001
1071,10.122420000000002,8.683290000000001,74.80242000000001,0,m,urechis_caupo,7,9.402855000000002
1072,5.497800000000002,3.99399,65.08425,0,m,urechis_caupo,7,4.745895000000001
1073,8.683290000000001,,54.719280000000005,0,m,urechis_caupo,7,8.683290000000001
1074,7.729260000000001,6.4356599999999995,59.61879,0,m,urechis_caupo,7,7.08246
1075,12.564090000000002,7.56756,81.18956999999999,0,m,urechis_caupo,7,10.065825
1076,,,,0,m,urechis_caupo,7,
1078,12.2892,14.03556,69.8544,0,m,urechis_caupo,7,13.162379999999999
1079,13.695990000000002,14.79555,89.92137000000002,0,m,urechis_caupo,7,14.24577
1081,15.555539999999999,11.319,79.233,0,m,urechis_caupo,7,13.43727
1082,13.0977,7.858620000000001,97.86084,0,m,urechis_caupo,7,10.47816
1083,12.04665,12.111330000000002,87.09161999999999,0,m,urechis_caupo,7,12.078990000000001
1084,7.227990000000001,5.610990000000001,96.34086,0,m,urechis_caupo,7,6.4194900000000015
1085,5.12589,4.333559999999999,95.45151,0,m,urechis_caupo,7,4.729725
1090,18.56316,19.64655,106.47945,0,m,urechis_caupo,7,19.104855
1091,17.900190000000006,18.838050000000006,110.45727,0,m,urechis_caupo,7,18.369120000000006
1092,12.83898,11.78793,105.54159,0,m,urechis_caupo,7,12.313455
1093,14.86023,,103.31013,0,m,urechis_caupo,7,14.86023
1094,14.19726,14.7147,110.68365,0,m,urechis_caupo,7,14.45598
1095,9.50796,10.78539,99.23529000000002,0,m,urechis_caupo,7,10.146675
1096,14.01939,17.22105,102.66333,0,m,urechis_caupo,7,15.62022
1097,12.06282,15.15129,97.06851,0,m,urechis_caupo,7,13.607054999999999
1098,17.88402,16.94616,112.07427,0,m,urechis_caupo,7,17.41509
1099,13.87386,15.5232,109.3092,0,m,urechis_caupo,7,14.69853
1100,14.19726,12.88749,107.95092,0,m,urechis_caupo,7,13.542375
1101,17.107860000000002,16.396379999999997,109.97216999999999,0,m,urechis_caupo,7,16.752119999999998
1102,13.80918,16.315530000000006,104.91096,0,m,urechis_caupo,7,15.062355000000004
1103,15.99213,19.37166,109.97216999999999,0,m,urechis_caupo,7,17.681894999999997
1104,15.49086,16.78446,108.32283,0,m,urechis_caupo,7,16.13766
1105,14.698530000000002,12.91983,113.64276000000001,0,m,urechis_caupo,7,13.809180000000001
1106,18.207420000000003,18.69252,108.80793,0,m,urechis_caupo,7,18.44997
1107,19.387829999999997,18.69252,116.50485,0,m,urechis_caupo,7,19.040174999999998
1109,18.72486,16.315530000000006,107.27178,0,m,urechis_caupo,7,17.520195
1110,11.77176,10.72071,105.7518,0,m,urechis_caupo,7,11.246235
1111,14.375130000000002,16.800629999999998,107.11008000000001,0,m,urechis_caupo,7,15.58788
1112,15.32916,13.9062,100.27017,0,m,urechis_caupo,7,14.61768
1113,14.16492,16.267020000000002,102.25908000000001,0,m,urechis_caupo,7,15.215970000000002
1114,12.69345,12.22452,101.871,0,m,urechis_caupo,7,12.458985
1115,16.28319,17.059350000000002,103.488,0,m,urechis_caupo,7,16.67127
1116,15.474689999999999,14.31045,98.37828,0,m,urechis_caupo,7,14.89257
1117,17.415090000000006,16.800629999999998,115.11423,0,m,urechis_caupo,7,17.107860000000002
1119,17.91636,14.666190000000002,100.75527,0,m,urechis_caupo,7,16.291275000000002
1120,14.892570000000001,13.016850000000002,98.21658,0,m,urechis_caupo,7,13.954710000000002
1121,15.183630000000004,11.07645,96.06597,0,m,urechis_caupo,7,13.130040000000001
1122,16.41255,18.74103,106.28541000000001,0,m,urechis_caupo,7,17.57679
1123,12.54792,13.388760000000001,106.13988,0,m,urechis_caupo,7,12.968340000000001
1124,13.66365,14.666190000000002,101.5476,0,m,urechis_caupo,7,14.164920000000002
1125,16.800629999999998,21.27972,93.70515,0,m,urechis_caupo,7,19.040174999999998
1126,17.415090000000006,18.369120000000002,108.87261000000001,0,m,urechis_caupo,7,17.892105000000004
1133,7.858620000000001,7.84245,73.94541000000002,0,m,urechis_caupo,7,7.850535000000001
1134,12.17601,9.55647,88.43373000000001,0,m,urechis_caupo,7,10.86624
1140,11.61006,10.93092,64.71234,0,m,urechis_caupo,7,11.27049
1143,10.81773,10.49433,74.0586,0,m,urechis_caupo,7,10.65603
1144,17.07552,11.72325,57.33882000000001,0,m,urechis_caupo,7,14.399385
1147,13.485780000000002,10.49433,82.88741999999999,0,m,urechis_caupo,7,11.990055000000002
1148,9.13605,,60.847710000000006,0,m,urechis_caupo,7,9.13605
1161,13.0977,10.96326,95.01491999999999,0,m,urechis_caupo,7,12.03048
1163,10.96326,9.55647,98.28126,0,m,urechis_caupo,7,10.259865
1164,9.47562,9.34626,99.54252,0,m,urechis_caupo,7,9.41094
1165,10.57518,9.47562,100.07613,0,m,urechis_caupo,7,10.0254
1166,11.07645,10.68837,64.68,0,m,urechis_caupo,7,10.88241
1167,5.95056,5.12589,52.50399,0,m,urechis_caupo,7,5.538225000000001
1168,5.643330000000001,4.0425,54.961830000000006,0,m,urechis_caupo,7,4.8429150000000005
1169,6.403320000000001,5.5786500000000006,51.92187000000001,0,m,urechis_caupo,7,5.990985
1170,8.440740000000002,6.0799199999999995,45.82578,0,m,urechis_caupo,7,7.260330000000001
1171,9.50796,7.874790000000001,67.46124,0,m,urechis_caupo,7,8.691375
1172,7.48671,8.182020000000001,73.52499,0,m,urechis_caupo,7,7.834365000000001
1173,9.8637,9.20073,84.89250000000001,0,m,urechis_caupo,7,9.532215
1174,9.637319999999999,12.434730000000002,84.68229000000002,0,m,urechis_caupo,7,11.036025
1175,8.39223,8.359890000000002,86.55801,0,m,urechis_caupo,7,8.37606
1176,9.0552,8.182020000000001,80.5266,0,m,urechis_caupo,7,8.61861
1177,7.874790000000001,8.71563,68.90037000000001,0,m,urechis_caupo,7,8.29521
1178,6.742890000000001,8.683290000000001,66.74976000000001,0,m,urechis_caupo,7,7.713090000000001
1179,9.96072,8.71563,85.29675,0,m,urechis_caupo,7,9.338175
1182,,,65.87658,0,m,urechis_caupo,7,
1183,4.0425,,63.64512000000001,0,m,urechis_caupo,7,4.0425
1184,8.47308,7.09863,92.99367,0,m,urechis_caupo,7,7.785855
1185,8.182020000000001,8.844990000000003,76.66197000000003,0,m,urechis_caupo,7,8.513505000000002
1186,7.09863,7.84245,46.2462,0,m,urechis_caupo,7,7.47054
1187,6.5650200000000005,5.1582300000000005,46.391729999999995,0,m,urechis_caupo,7,5.861625
1188,8.71563,9.94455,79.96065,0,m,urechis_caupo,7,9.33009
1189,9.637319999999999,8.23053,72.15054,0,m,urechis_caupo,7,8.933924999999999
1190,6.4356599999999995,7.6969199999999995,61.70472000000001,0,m,urechis_caupo,7,7.0662899999999995
1191,10.93092,8.214360000000001,67.13784,0,m,urechis_caupo,7,9.57264
1192,7.2603300000000015,8.505419999999999,95.80725,0,m,urechis_caupo,7,7.882875
1193,9.0552,9.34626,97.68297,0,m,urechis_caupo,7,9.20073
1194,7.599900000000001,9.99306,73.99391999999999,0,m,urechis_caupo,7,8.79648
1195,9.45945,7.874790000000001,76.82366999999999,0,m,urechis_caupo,7,8.66712
1196,11.61006,9.168389999999999,78.69939000000002,0,m,urechis_caupo,7,10.389225
1197,9.29775,9.702,82.49934,0,m,urechis_caupo,7,9.499875
1198,11.56155,9.34626,92.13666,0,m,urechis_caupo,7,10.453904999999999
1199,9.50796,12.434730000000002,86.65503000000001,0,m,urechis_caupo,7,10.971345000000001
1202,8.553930000000001,,58.63242000000001,0,m,urechis_caupo,7,8.553930000000001
1203,8.521590000000002,7.01778,57.759240000000005,0,m,urechis_caupo,7,7.769685000000001
1204,9.184560000000001,9.66966,58.77795,0,m,urechis_caupo,7,9.42711
1205,7.7616,8.7318,74.51136000000002,0,m,urechis_caupo,7,8.2467
1206,11.09262,,74.57604,0,m,urechis_caupo,7,11.09262
1207,9.66966,9.29775,70.42035,0,m,urechis_caupo,7,9.483705
1208,7.389690000000001,7.535220000000002,64.09788,0,m,urechis_caupo,7,7.462455000000001
1211,9.60498,8.812650000000003,51.24273,0,m,urechis_caupo,7,9.208815000000001
1212,6.87225,,49.852109999999996,0,m,urechis_caupo,7,6.87225
1214,7.84245,8.812650000000003,53.86227000000001,0,m,urechis_caupo,7,8.327550000000002
1215,8.683290000000001,9.33009,53.73291,0,m,urechis_caupo,7,9.00669
1216,7.389690000000001,6.742890000000001,47.55597000000001,0,m,urechis_caupo,7,7.06629
1220,10.154760000000001,9.50796,71.50374000000002,0,m,urechis_caupo,7,9.83136
1221,9.3786,7.1956500000000005,69.8544,0,m,urechis_caupo,7,8.287125
1224,7.7616,7.890960000000001,56.7567,0,m,urechis_caupo,7,7.826280000000001
1225,9.184560000000001,9.73434,81.48063,0,m,urechis_caupo,7,9.45945
1226,9.79902,7.2603300000000015,83.38869000000003,0,m,urechis_caupo,7,8.529675000000001
1227,10.122420000000002,10.122420000000002,63.127680000000005,0,m,urechis_caupo,7,10.122420000000002
1228,12.75813,14.01939,77.56749,0,m,urechis_caupo,7,13.38876
1231,0.0,0.0,64.66383,0,m,urechis_caupo,7,0.0
1232,0.0,0.0,63.693630000000006,0,m,urechis_caupo,7,0.0
1247,14.827890000000002,13.89003,94.70769,0,m,urechis_caupo,7,14.35896
1249,10.6722,10.81773,73.84839000000002,0,m,urechis_caupo,7,10.744965
1252,12.353880000000002,13.987050000000002,92.02346999999999,0,m,urechis_caupo,7,13.170465000000002
1253,13.46961,16.105320000000003,87.07545,0,m,urechis_caupo,7,14.787465000000001
1254,12.402389999999999,10.300289999999999,80.89851,0,m,urechis_caupo,7,11.351339999999999
1255,16.072979999999998,,72.1182,0,m,urechis_caupo,7,16.072979999999998
1256,14.19726,13.04919,85.71717000000002,0,m,urechis_caupo,7,13.623225
1259,,,71.22885000000002,0,m,urechis_caupo,7,
1260,12.54792,12.70962,85.94355,0,m,urechis_caupo,7,12.62877
1261,11.1573,,68.02719,0,m,urechis_caupo,7,11.1573
1262,10.623690000000002,8.667119999999999,58.55157000000001,0,m,urechis_caupo,7,9.645405
1265,8.182020000000001,9.94455,61.25196,0,m,urechis_caupo,7,9.063285
1266,5.9990700000000015,5.80503,39.6165,0,m,urechis_caupo,7,5.902050000000001
1269,,,66.71741999999999,0,m,urechis_caupo,7,
1270,,,93.60813,0,m,urechis_caupo,7,
1271,,,79.34619,0,m,urechis_caupo,7,
1272,4.333559999999999,,46.48875,0,m,urechis_caupo,7,4.333559999999999
1273,,,45.761100000000006,0,m,urechis_caupo,7,
1274,2.34465,2.1021,60.26559,0,m,urechis_caupo,7,2.223375
1275,2.6033700000000004,2.3123099999999996,58.648590000000006,0,m,urechis_caupo,7,2.45784
1276,5.41695,3.79995,54.395880000000005,0,m,urechis_caupo,7,4.6084499999999995
1277,7.066290000000001,5.530140000000001,49.20531,0,m,urechis_caupo,7,6.298215000000001
1278,8.521590000000002,9.13605,81.18956999999999,0,m,urechis_caupo,7,8.82882
1279,3.1046400000000003,2.9106,57.58137000000001,0,m,urechis_caupo,7,3.00762
1280,4.18803,4.624619999999999,55.56012000000001,0,m,urechis_caupo,7,4.406325
1281,4.0425,,49.72275000000001,0,m,urechis_caupo,7,4.0425
1282,5.41695,2.34465,50.54742000000001,0,m,urechis_caupo,7,3.8808
1283,5.287590000000002,6.93693,59.34390000000001,0,m,urechis_caupo,7,6.112260000000001
1284,6.93693,,57.24180000000001,0,m,urechis_caupo,7,6.93693
1285,4.15569,2.34465,40.10160000000001,0,m,urechis_caupo,7,3.25017
1286,3.5735700000000006,4.15569,35.96208,0,m,urechis_caupo,7,3.86463
1287,13.5,16.0,105.1,0,m,urechis_caupo,7,14.75
1288,12.8,16.0,106.9,0,m,urechis_caupo,7,14.4
1289,14.0,16.9,104.4,0,m,urechis_caupo,7,15.45
1290,19.7,12.9,105.7,0,m,urechis_caupo,7,16.3
1291,15.6,17.6,108.1,0,m,urechis_caupo,7,16.6
1294,4.0,4.8,41.6,0,m,urechis_caupo,7,4.4
1296,4.8,5.7,58.8,0,m,urechis_caupo,7,5.25
1297,5.3,5.7,53.3,0,m,urechis_caupo,7,5.5
1298,6.2,4.6,64.6,0,m,urechis_caupo,7,5.4
1299,3.7,4.0,31.1,0,m,urechis_caupo,7,3.85
1302,10.6,11.4,140.7,0,m,xenopus_laevis,8,11.0
1303,13.0,12.7,223.7,0,m,xenopus_laevis,8,12.85
1304,19.6,16.3,156.5,0,m,xenopus_laevis,8,17.950000000000003
1305,19.2,18.5,121.7,0,m,xenopus_laevis,8,18.85
1306,18.5,18.7,130.7,0,m,xenopus_laevis,8,18.6
1307,15.7,15.3,120.9,0,m,xenopus_laevis,8,15.5
1308,15.5,15.5,112.5,0,m,xenopus_laevis,8,15.5
1310,14.5,12.3,253.4,0,m,xenopus_laevis,8,13.4
1311,17.1,19.2,1267.7,0,m,xenopus_laevis,8,18.15
1312,81.9,66.9,1367.2,0,m,xenopus_laevis,8,74.4
1313,12.0,13.9,1271.1,0,m,xenopus_laevis,8,12.95
1315,22.6,23.9,1158.3,0,m,xenopus_laevis,8,23.25
1317,14.3,11.7,958.8,0,m,xenopus_laevis,8,13.0
1318,7.4,11.2,482.6,0,m,xenopus_laevis,8,9.3
1319,10.7,10.7,571.3,0,m,xenopus_laevis,8,10.7
1320,7.0,8.6,362.0,0,m,xenopus_laevis,8,7.8
1321,9.4,,738.2,0,m,xenopus_laevis,8,9.4
1323,7.0,6.8,492.2,0,m,xenopus_laevis,8,6.9
1325,8.4,8.1,628.0,0,m,xenopus_laevis,8,8.25
1326,11.2,10.7,672.0,0,m,xenopus_laevis,8,10.95
1781,9.63129,11.473339999999999,,0,m,danio_rerio,19,10.552315
1782,15.31533,14.157469999999998,,0,m,danio_rerio,19,14.7364
1783,20.587,20.52818,,0,m,danio_rerio,19,20.557589999999998
1787,11.65,12.95,,0,m,danio_rerio,19,12.3
1791,1.29948,0.9215700000000001,20.90439,0,m,Homo_sapiens,12,1.110525
1792,1.625,1.5405,14.105,0,m,drosophila_melanogaster,18,1.5827499999999999
1793,2.5546,2.3108,23.2246,0,m,Homo_sapiens,12,2.4327
1810,8.32426,7.392200000000001,215.338,0,m,xenopus_laevis,8,7.858230000000001
1811,7.102940000000001,7.5529,77.2967,0,m,xenopus_laevis,8,7.327920000000001
1812,12.02036,9.51344,128.56,0,m,xenopus_laevis,8,10.7669
1813,10.89546,10.18838,97.73774000000002,0,m,xenopus_laevis,8,10.541920000000001
1814,13.080980000000002,12.79172,104.80854,0,m,xenopus_laevis,8,12.936350000000001
1815,2.4426400000000004,2.4426400000000004,37.05742,0,m,xenopus_laevis,8,2.4426400000000004
1816,4.04964,2.86046,29.118840000000002,0,m,xenopus_laevis,8,3.45505
1817,2.5712,2.5712,40.9785,0,m,xenopus_laevis,8,2.5712
1818,2.5712,2.31408,43.16402000000001,0,m,xenopus_laevis,8,2.44264
1819,2.63548,3.0211600000000005,46.92440000000001,0,m,xenopus_laevis,8,2.82832
1820,3.0211600000000005,2.31408,29.247400000000006,0,m,xenopus_laevis,8,2.6676200000000003
1821,2.03742,2.344760672703752,29.9145,0,m,xenopus_laevis,8,2.191090336351876
1822,1.89189,1.5847347994825356,26.72901,0,m,xenopus_laevis,8,1.7383123997412677
1824,2.24763,2.6196636481241917,52.84356,0,m,xenopus_laevis,8,2.433646824062096
1825,1.32594,1.2289780077619663,21.91035,0,m,xenopus_laevis,8,1.277459003880983
1826,1.32594,1.2289780077619663,31.240440000000003,0,m,xenopus_laevis,8,1.277459003880983
1827,1.5846600000000002,,31.774050000000006,0,m,xenopus_laevis,8,1.5846600000000002
1828,2.45784,2.1021992238033635,28.47537,0,m,xenopus_laevis,8,2.2800196119016816
1829,1.7301900000000001,1.2289780077619663,28.038780000000006,0,m,xenopus_laevis,8,1.479584003880983
1830,1.98891,1.520051746442432,23.15544,0,m,xenopus_laevis,8,1.7544808732212158
1831,2.03742,2.280077619663648,30.43194,0,m,xenopus_laevis,8,2.158748809831824
1832,1.48764,1.2936610608020698,26.470290000000002,0,m,xenopus_laevis,8,1.390650530401035
1833,1.79487,1.01875808538163,34.47444,0,m,xenopus_laevis,8,1.4068140426908151
1834,1.71402,1.3745148771021989,39.9399,0,m,xenopus_laevis,8,1.5442674385510995
1835,3.6864,2.56,36.4032,0,m,xenopus_laevis,8,3.1231999999999998
1836,2.0992,2.2528,23.808000000000003,0,m,xenopus_laevis,8,2.176
1837,2.0992,2.7136,25.4464,0,m,xenopus_laevis,8,2.4064
1838,3.8912,5.6832,30.3616,0,m,xenopus_laevis,8,4.7872
1839,2.9696,2.7136,35.9936,0,m,xenopus_laevis,8,2.8415999999999997
1840,3.2256,2.0992,44.6976,0,m,xenopus_laevis,8,2.6624
1841,3.4304,2.9696,34.9696,0,m,xenopus_laevis,8,3.2
1842,2.9696,2.9696,40.4992,0,m,xenopus_laevis,8,2.9696
1844,5.4784,4.5568,41.8816,0,m,xenopus_laevis,8,5.0176
1845,3.4304,2.9696,43.6224,0,m,xenopus_laevis,8,3.2
1846,4.352,5.4784,43.0592,0,m,xenopus_laevis,8,4.9152000000000005
1847,4.096,3.6864,44.032,0,m,xenopus_laevis,8,3.8912
1848,4.352,4.8128,47.4624,0,m,xenopus_laevis,8,4.5824
1849,5.7856000000000005,4.5568,48.38399999999999,0,m,xenopus_laevis,8,5.171200000000001
1850,5.9904,5.9904,42.496,0,m,xenopus_laevis,8,5.9904
1851,5.017600000000002,5.4784,41.3696,0,m,xenopus_laevis,8,5.248000000000001
1852,5.9904,5.8368,59.4432,0,m,xenopus_laevis,8,5.913600000000001
1853,7.1168000000000005,5.4272,62.3616,0,m,xenopus_laevis,8,6.272
1854,6.5536,7.4239999999999995,52.3264,0,m,xenopus_laevis,8,6.9887999999999995
1856,5.8368,6.8096000000000005,44.288,0,m,xenopus_laevis,8,6.3232
1857,5.8368,6.2976,43.7248,0,m,xenopus_laevis,8,6.0672
1858,4.352,5.2224,50.8928,0,m,xenopus_laevis,8,4.7872
1859,3.8912,5.4784,58.6752,0,m,xenopus_laevis,8,4.6848
1860,10.3424,9.216,85.0944,0,m,xenopus_laevis,8,9.7792
1861,7.4239999999999995,7.270399999999999,72.7552,0,m,xenopus_laevis,8,7.347199999999999
1862,7.4239999999999995,10.5472,60.5184,0,m,xenopus_laevis,8,8.9856
1863,8.2944,12.6464,80.53760000000003,0,m,xenopus_laevis,8,10.4704
1864,12.6464,12.544,77.312,0,m,xenopus_laevis,8,12.5952
1865,9.0624,11.008,65.1264,0,m,xenopus_laevis,8,10.0352
1866,12.6464,12.032,68.1472,0,m,xenopus_laevis,8,12.3392
1867,12.6464,9.6768,111.3088,0,m,xenopus_laevis,8,11.1616
1868,8.9088,6.2976,116.5824,0,m,xenopus_laevis,8,7.603199999999999
1869,16.0768,12.8,115.456,0,m,xenopus_laevis,8,14.4384
1870,15.2576,19.6096,120.6272,0,m,xenopus_laevis,8,17.4336
1871,14.5408,14.131200000000002,92.7232,0,m,xenopus_laevis,8,14.336000000000002
1872,11.008,15.1552,122.6752,0,m,xenopus_laevis,8,13.0816
1873,15.0528,15.7696,138.24,0,m,xenopus_laevis,8,15.411200000000001
1874,17.3568,19.456,222.4128,0,m,xenopus_laevis,8,18.406399999999998
1875,16.2304,17.664,136.8064,0,m,xenopus_laevis,8,16.947200000000002
1876,14.9504,13.2608,114.432,0,m,xenopus_laevis,8,14.105599999999999
1877,17.3568,14.2336,209.7152,0,m,xenopus_laevis,8,15.7952
1878,11.6736,11.52,205.312,0,m,xenopus_laevis,8,11.5968
1879,14.4896,14.6432,165.12,0,m,xenopus_laevis,8,14.5664
1880,20.7872,18.8416,133.83679999999998,0,m,xenopus_laevis,8,19.8144
1881,15.2576,16.384,124.416,0,m,xenopus_laevis,8,15.8208
1882,12.6464,10.0352,191.5904,0,m,xenopus_laevis,8,11.3408
1883,15.7696,16.64,138.64960000000002,0,m,xenopus_laevis,8,16.2048
1884,17.7664,19.8656,137.3184,0,m,xenopus_laevis,8,18.816000000000003
1885,13.2608,10.0352,150.27200000000002,0,m,xenopus_laevis,8,11.648
1886,13.2608,13.9264,161.792,0,m,xenopus_laevis,8,13.593599999999999
1887,17.7664,16.128,159.79520000000005,0,m,xenopus_laevis,8,16.947200000000002
1888,14.387200000000002,21.76,139.776,0,m,xenopus_laevis,8,18.073600000000003
1889,12.1344,11.9296,157.0304,0,m,xenopus_laevis,8,12.032
1890,20.582400000000003,22.8864,171.7248,0,m,xenopus_laevis,8,21.7344
1891,21.9648,20.2752,141.2608,0,m,xenopus_laevis,8,21.12
1892,18.8416,17.7664,221.3376,0,m,xenopus_laevis,8,18.304000000000002
1893,18.0736,17.8688,192.4608,0,m,xenopus_laevis,8,17.9712
1894,20.991999999999997,18.8416,179.3024,0,m,xenopus_laevis,8,19.9168
1895,19.8656,18.3808,224.1536,0,m,xenopus_laevis,8,19.1232
1896,14.7456,16.537599999999998,176.1792,0,m,xenopus_laevis,8,15.641599999999999
1897,19.0976,16.537599999999998,194.5088,0,m,xenopus_laevis,8,17.8176
1898,15.616,16.537599999999998,174.08,0,m,xenopus_laevis,8,16.0768
1899,15.2576,13.6192,225.2288,0,m,xenopus_laevis,8,14.4384
1900,15.2576,11.776,203.4176,0,m,xenopus_laevis,8,13.5168
1901,16.128,15.5648,194.2016,0,m,xenopus_laevis,8,15.8464
1902,16.64,20.582400000000003,275.0464,0,m,xenopus_laevis,8,18.611200000000004
1903,12.4416,14.4384,264.29440000000005,0,m,xenopus_laevis,8,13.44
1904,16.2304,14.6432,243.712,0,m,xenopus_laevis,8,15.4368
1905,14.0288,13.6192,235.6736,0,m,xenopus_laevis,8,13.824
1906,13.5168,15.616,273.25440000000003,0,m,xenopus_laevis,8,14.5664
1907,11.9296,12.1344,198.5536,0,m,xenopus_laevis,8,12.032
1908,18.7392,16.9984,206.0288,0,m,xenopus_laevis,8,17.8688
1909,10.6496,13.5168,253.2352,0,m,xenopus_laevis,8,12.0832
1910,15.1552,16.537599999999998,314.88,0,m,xenopus_laevis,8,15.8464
1912,8.0896,10.5472,249.1392,0,m,xenopus_laevis,8,9.3184
1913,18.176,14.847999999999999,256.76800000000003,0,m,xenopus_laevis,8,16.512
1914,21.8624,21.7088,326.3488,0,m,xenopus_laevis,8,21.785600000000002
1915,15.616,14.7456,261.9904,0,m,xenopus_laevis,8,15.1808
1916,16.64,15.36,345.8048,0,m,xenopus_laevis,8,16.0
1917,17.049599999999998,18.7392,359.8336,0,m,xenopus_laevis,8,17.894399999999997
1918,16.742400000000004,16.0768,338.5856,0,m,xenopus_laevis,8,16.4096
1919,12.8,13.7216,239.3088,0,m,xenopus_laevis,8,13.2608
1920,11.9296,13.1584,325.4272,0,m,xenopus_laevis,8,12.544
1921,13.0048,11.008,280.7808,0,m,xenopus_laevis,8,12.0064
1922,12.8,13.2608,303.9744,0,m,xenopus_laevis,8,13.0304
1923,12.1344,13.2608,353.0752,0,m,xenopus_laevis,8,12.6976
1924,20.1728,20.838400000000004,492.7488,0,m,xenopus_laevis,8,20.5056
1925,17.7664,22.272,625.1519999999999,0,m,xenopus_laevis,8,20.019199999999998
1926,12.544,11.9296,1034.3424,0,m,xenopus_laevis,8,12.2368
1927,12.544,12.8,1486.6432,0,m,xenopus_laevis,8,12.672
1928,16.537599999999998,16.0768,1455.7184,0,m,xenopus_laevis,8,16.307199999999998
1929,,,13.5,0,m,mus_musculus,17,
1930,,,15.0,0,m,mus_musculus,17,
1931,,,15.75,0,m,mus_musculus,17,
1932,,,15.75,0,m,mus_musculus,17,
1933,,,15.25,0,m,mus_musculus,17,
1934,,,14.0,0,m,mus_musculus,17,
1935,,,14.25,0,m,mus_musculus,17,
1936,,,15.0,0,m,mus_musculus,17,
1937,,,18.0,0,m,mus_musculus,17,
1938,,,19.0,0,m,mus_musculus,17,
1939,,,18.8,0,m,mus_musculus,17,
1940,,,20.5,0,m,mus_musculus,17,
1941,,,19.5,0,m,mus_musculus,17,
1942,,,19.5,0,m,mus_musculus,17,
1943,,,22.0,0,m,mus_musculus,17,
1944,,,22.0,0,m,mus_musculus,17,
1945,,,23.25,0,m,mus_musculus,17,
1946,,,23.5,0,m,mus_musculus,17,
1947,,,26.25,0,m,mus_musculus,17,
1948,,,22.0,0,m,mus_musculus,17,
1949,,,25.2,0,m,mus_musculus,17,
1950,,,26.5,0,m,mus_musculus,17,
1951,,,27.0,0,m,mus_musculus,17,
1952,,,27.2,0,m,mus_musculus,17,
1953,,,26.9,0,m,mus_musculus,17,
1954,,,28.0,0,m,mus_musculus,17,
1955,,,29.25,0,m,mus_musculus,17,
1956,,,27.25,0,m,mus_musculus,17,
1957,,,28.0,0,m,mus_musculus,17,
1958,,,27.75,0,m,mus_musculus,17,
1959,,,28.75,0,m,mus_musculus,17,
1960,,,30.5,0,m,mus_musculus,17,
1961,,,30.9,0,m,mus_musculus,17,
1962,,,34.0,0,m,mus_musculus,17,
1963,,,34.5,0,m,mus_musculus,17,
1964,,,35.5,0,m,mus_musculus,17,
1965,,,38.6,0,m,mus_musculus,17,
1966,,,39.0,0,m,mus_musculus,17,
1967,,,27.75,0,m,mus_musculus,17,
1968,,,32.25,0,m,mus_musculus,17,
1969,,,32.75,0,m,mus_musculus,17,
1970,,,31.0,0,m,mus_musculus,17,
1971,,,30.75,0,m,mus_musculus,17,
1972,,,31.25,0,m,mus_musculus,17,
1973,,,34.0,0,m,mus_musculus,17,
1974,,,35.5,0,m,mus_musculus,17,
1975,,,36.0,0,m,mus_musculus,17,
1976,,,36.0,0,m,mus_musculus,17,
1977,,,38.0,0,m,mus_musculus,17,
1978,,,43.0,0,m,mus_musculus,17,
1979,,,43.25,0,m,mus_musculus,17,
1980,,,43.1,0,m,mus_musculus,17,
1981,,,45.0,0,m,mus_musculus,17,
1982,,,47.6,0,m,mus_musculus,17,
1983,,,48.1,0,m,mus_musculus,17,
1984,,,47.25,0,m,mus_musculus,17,
1985,,,48.0,0,m,mus_musculus,17,
1986,,,50.0,0,m,mus_musculus,17,
1987,,,52.75,0,m,mus_musculus,17,
1988,,,54.0,0,m,mus_musculus,17,
1989,,,54.9,0,m,mus_musculus,17,
1990,,,55.5,0,m,mus_musculus,17,
1991,,,60.5,0,m,mus_musculus,17,
1992,,,68.0,0,m,mus_musculus,17,
1993,,,68.0,0,m,mus_musculus,17,
1994,,,69.25,0,m,mus_musculus,17,
1995,,,70.5,0,m,mus_musculus,17,
1996,,,71.0,0,m,mus_musculus,17,
1997,,,71.25,0,m,mus_musculus,17,
1998,,,71.8,0,m,mus_musculus,17,
1999,,,71.8,0,m,mus_musculus,17,
2000,,,73.5,0,m,mus_musculus,17,
